date,quote,relative,dividends,cumulative_dividends,quote_with_dividends,relative_with_dividends,reinvested_dividends,quote_with_reinvested_dividends,relative_with_reinvested_dividends
2022-10-11,4.7,0.0,0.0,0.0,4.7,0.0,0.0,4.7,0.0
2022-10-12,4.7,0.0,0.0,0.0,4.7,0.0,0.0,4.7,0.0
2022-10-13,4.79,1.9148936170212627,0.0,0.0,4.79,1.9148936170212627,0.0,4.79,1.9148936170212627
2022-10-14,4.63,-1.4893617021276673,0.0,0.0,4.63,-1.4893617021276673,0.0,4.63,-1.4893617021276673
2022-10-15,4.63,-1.4893617021276673,0.0,0.0,4.63,-1.4893617021276673,0.0,4.63,-1.4893617021276673
2022-10-16,4.63,-1.4893617021276673,0.0,0.0,4.63,-1.4893617021276673,0.0,4.63,-1.4893617021276673
2022-10-17,4.77,1.4893617021276562,0.0,0.0,4.77,1.4893617021276562,0.0,4.77,1.4893617021276562
2022-10-18,4.84,2.9787234042553123,0.0,0.0,4.84,2.9787234042553123,0.0,4.84,2.9787234042553123
2022-10-19,4.93,4.893617021276575,0.0,0.0,4.93,4.893617021276575,0.0,4.93,4.893617021276575
2022-10-20,4.95,5.319148936170204,0.0,0.0,4.95,5.319148936170204,0.0,4.95,5.319148936170204
2022-10-21,4.89,4.042553191489362,0.0,0.0,4.89,4.042553191489362,0.0,4.89,4.042553191489362
2022-10-22,4.89,4.042553191489362,0.0,0.0,4.89,4.042553191489362,0.0,4.89,4.042553191489362
2022-10-23,4.89,4.042553191489362,0.0,0.0,4.89,4.042553191489362,0.0,4.89,4.042553191489362
2022-10-24,5.05,7.446808510638281,0.0,0.0,5.05,7.446808510638281,0.0,5.05,7.446808510638281
2022-10-25,5.08,8.085106382978724,0.0,0.0,5.08,8.085106382978724,0.0,5.08,8.085106382978724
2022-10-26,5.1,8.51063829787233,0.0,0.0,5.1,8.51063829787233,0.0,5.1,8.51063829787233
2022-10-27,5.11,8.723404255319146,0.0,0.0,5.11,8.723404255319146,0.0,5.11,8.723404255319146
2022-10-28,5.16,9.787234042553195,0.0,0.0,5.16,9.787234042553195,0.0,5.16,9.787234042553195
2022-10-29,5.16,9.787234042553195,0.0,0.0,5.16,9.787234042553195,0.0,5.16,9.787234042553195
2022-10-30,5.16,9.787234042553195,0.0,0.0,5.16,9.787234042553195,0.0,5.16,9.787234042553195
2022-10-31,5.1,8.51063829787233,0.0,0.0,5.1,8.51063829787233,0.0,5.1,8.51063829787233
2022-11-01,5.15,9.57446808510638,0.0,0.0,5.15,9.57446808510638,0.0,5.15,9.57446808510638
2022-11-02,5.15,9.57446808510638,0.0,0.0,5.15,9.57446808510638,0.0,5.15,9.57446808510638
2022-11-03,5.12,8.936170212765958,0.0,0.0,5.12,8.936170212765958,0.0,5.12,8.936170212765958
2022-11-04,5.11,8.723404255319146,0.0,0.0,5.11,8.723404255319146,0.0,5.11,8.723404255319146
2022-11-05,5.11,8.723404255319146,0.0,0.0,5.11,8.723404255319146,0.0,5.11,8.723404255319146
2022-11-06,5.11,8.723404255319146,0.0,0.0,5.11,8.723404255319146,0.0,5.11,8.723404255319146
2022-11-07,5.07,7.87234042553191,0.0,0.0,5.07,7.87234042553191,0.0,5.07,7.87234042553191
2022-11-08,5.09,8.297872340425517,0.0,0.0,5.09,8.297872340425517,0.0,5.09,8.297872340425517
2022-11-09,5.17,9.999999999999986,0.0,0.0,5.17,9.999999999999986,0.0,5.17,9.999999999999986
2022-11-10,5.22,11.063829787234036,0.0,0.0,5.22,11.063829787234036,0.0,5.22,11.063829787234036
2022-11-11,5.15,9.57446808510638,0.0,0.0,5.15,9.57446808510638,0.0,5.15,9.57446808510638
2022-11-12,5.15,9.57446808510638,0.0,0.0,5.15,9.57446808510638,0.0,5.15,9.57446808510638
2022-11-13,5.15,9.57446808510638,0.0,0.0,5.15,9.57446808510638,0.0,5.15,9.57446808510638
2022-11-14,5.18,10.212765957446802,0.0,0.0,5.18,10.212765957446802,0.0,5.18,10.212765957446802
2022-11-15,5.16,9.787234042553195,0.0,0.0,5.16,9.787234042553195,0.0,5.16,9.787234042553195
2022-11-16,5.26,11.91489361702127,0.0,0.0,5.26,11.91489361702127,0.0,5.26,11.91489361702127
2022-11-17,5.27,12.127659574468064,0.0,0.0,5.27,12.127659574468064,0.0,5.27,12.127659574468064
2022-11-18,5.23,11.27659574468085,0.0,0.0,5.23,11.27659574468085,0.0,5.23,11.27659574468085
2022-11-19,5.23,11.27659574468085,0.0,0.0,5.23,11.27659574468085,0.0,5.23,11.27659574468085
2022-11-20,5.23,11.27659574468085,0.0,0.0,5.23,11.27659574468085,0.0,5.23,11.27659574468085
2022-11-21,5.36,14.042553191489372,0.0,0.0,5.36,14.042553191489372,0.0,5.36,14.042553191489372
2022-11-22,5.36,14.042553191489372,0.0,0.0,5.36,14.042553191489372,0.0,5.36,14.042553191489372
2022-11-23,5.4,14.893617021276606,0.0,0.0,5.4,14.893617021276606,0.0,5.4,14.893617021276606
2022-11-24,5.38,14.468085106382977,0.0,0.0,5.38,14.468085106382977,0.0,5.38,14.468085106382977
2022-11-25,5.36,14.042553191489372,0.0,0.0,5.36,14.042553191489372,0.0,5.36,14.042553191489372
2022-11-26,5.36,14.042553191489372,0.0,0.0,5.36,14.042553191489372,0.0,5.36,14.042553191489372
2022-11-27,5.36,14.042553191489372,0.0,0.0,5.36,14.042553191489372,0.0,5.36,14.042553191489372
2022-11-28,5.33,13.404255319148927,0.0,0.0,5.33,13.404255319148927,0.0,5.33,13.404255319148927
2022-11-29,5.36,14.042553191489372,0.0,0.0,5.36,14.042553191489372,0.0,5.36,14.042553191489372
2022-11-30,5.31,12.978723404255298,0.0,0.0,5.31,12.978723404255298,0.0,5.31,12.978723404255298
2022-12-01,5.31,12.978723404255298,0.0,0.0,5.31,12.978723404255298,0.0,5.31,12.978723404255298
2022-12-02,5.28,12.3404255319149,0.0,0.0,5.28,12.3404255319149,0.0,5.28,12.3404255319149
2022-12-03,5.28,12.3404255319149,0.0,0.0,5.28,12.3404255319149,0.0,5.28,12.3404255319149
2022-12-04,5.28,12.3404255319149,0.0,0.0,5.28,12.3404255319149,0.0,5.28,12.3404255319149
2022-12-05,5.33,13.404255319148927,0.0,0.0,5.33,13.404255319148927,0.0,5.33,13.404255319148927
2022-12-06,5.32,13.191489361702136,0.0,0.0,5.32,13.191489361702136,0.0,5.32,13.191489361702136
2022-12-07,5.31,12.978723404255298,0.0,0.0,5.31,12.978723404255298,0.0,5.31,12.978723404255298
2022-12-08,5.31,12.978723404255298,0.0,0.0,5.31,12.978723404255298,0.0,5.31,12.978723404255298
2022-12-09,5.26,11.91489361702127,0.0,0.0,5.26,11.91489361702127,0.0,5.26,11.91489361702127
2022-12-10,5.26,11.91489361702127,0.0,0.0,5.26,11.91489361702127,0.0,5.26,11.91489361702127
2022-12-11,5.26,11.91489361702127,0.0,0.0,5.26,11.91489361702127,0.0,5.26,11.91489361702127
2022-12-12,5.23,11.27659574468085,0.0,0.0,5.23,11.27659574468085,0.0,5.23,11.27659574468085
2022-12-13,5.21,10.851063829787222,0.0,0.0,5.21,10.851063829787222,0.0,5.21,10.851063829787222
2022-12-14,5.18,10.212765957446802,0.0,0.0,5.18,10.212765957446802,0.0,5.18,10.212765957446802
2022-12-15,5.29,12.553191489361692,0.0,0.0,5.29,12.553191489361692,0.0,5.29,12.553191489361692
2022-12-16,5.2,10.63829787234043,0.0,0.0,5.2,10.63829787234043,0.0,5.2,10.63829787234043
2022-12-17,5.2,10.63829787234043,0.0,0.0,5.2,10.63829787234043,0.0,5.2,10.63829787234043
2022-12-18,5.2,10.63829787234043,0.0,0.0,5.2,10.63829787234043,0.0,5.2,10.63829787234043
2022-12-19,5.15,9.57446808510638,0.0,0.0,5.15,9.57446808510638,0.0,5.15,9.57446808510638
2022-12-20,5.11,8.723404255319146,0.0,0.0,5.11,8.723404255319146,0.0,5.11,8.723404255319146
2022-12-21,5.12,8.936170212765958,0.0,0.0,5.12,8.936170212765958,0.0,5.12,8.936170212765958
2022-12-22,5.11,8.723404255319146,0.0,0.0,5.11,8.723404255319146,0.0,5.11,8.723404255319146
2022-12-23,5.1,8.51063829787233,0.0,0.0,5.1,8.51063829787233,0.0,5.1,8.51063829787233
2022-12-24,5.1,8.51063829787233,0.0,0.0,5.1,8.51063829787233,0.0,5.1,8.51063829787233
2022-12-25,5.1,8.51063829787233,0.0,0.0,5.1,8.51063829787233,0.0,5.1,8.51063829787233
2022-12-26,5.09,8.297872340425517,0.0,0.0,5.09,8.297872340425517,0.0,5.09,8.297872340425517
2022-12-27,5.08,8.085106382978724,0.0,0.0,5.08,8.085106382978724,0.0,5.08,8.085106382978724
2022-12-28,5.09,8.297872340425517,0.0,0.0,5.09,8.297872340425517,0.0,5.09,8.297872340425517
2022-12-29,5.07,7.87234042553191,0.0,0.0,5.07,7.87234042553191,0.0,5.07,7.87234042553191
2022-12-30,5.08,8.085106382978724,0.0,0.0,5.08,8.085106382978724,0.0,5.08,8.085106382978724
2022-12-31,5.08,8.085106382978724,0.0,0.0,5.08,8.085106382978724,0.0,5.08,8.085106382978724
2023-01-01,5.08,8.085106382978724,0.0,0.0,5.08,8.085106382978724,0.0,5.08,8.085106382978724
2023-01-02,5.1,8.51063829787233,0.0,0.0,5.1,8.51063829787233,0.0,5.1,8.51063829787233
2023-01-03,5.08,8.085106382978724,0.0,0.0,5.08,8.085106382978724,0.0,5.08,8.085106382978724
2023-01-04,5.14,9.361702127659566,0.0,0.0,5.14,9.361702127659566,0.0,5.14,9.361702127659566
2023-01-05,5.12,8.936170212765958,0.0,0.0,5.12,8.936170212765958,0.0,5.12,8.936170212765958
2023-01-06,5.11,8.723404255319146,0.0,0.0,5.11,8.723404255319146,0.0,5.11,8.723404255319146
2023-01-07,5.11,8.723404255319146,0.0,0.0,5.11,8.723404255319146,0.0,5.11,8.723404255319146
2023-01-08,5.11,8.723404255319146,0.0,0.0,5.11,8.723404255319146,0.0,5.11,8.723404255319146
2023-01-09,5.1,8.51063829787233,0.0,0.0,5.1,8.51063829787233,0.0,5.1,8.51063829787233
2023-01-10,5.12,8.936170212765958,0.0,0.0,5.12,8.936170212765958,0.0,5.12,8.936170212765958
2023-01-11,5.19,10.425531914893615,0.0,0.0,5.19,10.425531914893615,0.0,5.19,10.425531914893615
2023-01-12,5.23,11.27659574468085,0.0,0.0,5.23,11.27659574468085,0.0,5.23,11.27659574468085
2023-01-13,5.2,10.63829787234043,0.0,0.0,5.2,10.63829787234043,0.0,5.2,10.63829787234043
2023-01-14,5.2,10.63829787234043,0.0,0.0,5.2,10.63829787234043,0.0,5.2,10.63829787234043
2023-01-15,5.2,10.63829787234043,0.0,0.0,5.2,10.63829787234043,0.0,5.2,10.63829787234043
2023-01-16,5.19,10.425531914893615,0.0,0.0,5.19,10.425531914893615,0.0,5.19,10.425531914893615
2023-01-17,5.18,10.212765957446802,0.0,0.0,5.18,10.212765957446802,0.0,5.18,10.212765957446802
2023-01-18,5.22,11.063829787234036,0.0,0.0,5.22,11.063829787234036,0.0,5.22,11.063829787234036
2023-01-19,5.21,10.851063829787222,0.0,0.0,5.21,10.851063829787222,0.0,5.21,10.851063829787222
2023-01-20,5.21,10.851063829787222,0.0,0.0,5.21,10.851063829787222,0.0,5.21,10.851063829787222
2023-01-21,5.21,10.851063829787222,0.0,0.0,5.21,10.851063829787222,0.0,5.21,10.851063829787222
2023-01-22,5.21,10.851063829787222,0.0,0.0,5.21,10.851063829787222,0.0,5.21,10.851063829787222
2023-01-23,5.19,10.425531914893615,0.0,0.0,5.19,10.425531914893615,0.0,5.19,10.425531914893615
2023-01-24,5.24,11.489361702127665,0.0,0.0,5.24,11.489361702127665,0.0,5.24,11.489361702127665
2023-01-25,5.25,11.702127659574458,0.0,0.0,5.25,11.702127659574458,0.0,5.25,11.702127659574458
2023-01-26,5.22,11.063829787234036,0.0,0.0,5.22,11.063829787234036,0.0,5.22,11.063829787234036
2023-01-27,5.2,10.63829787234043,0.0,0.0,5.2,10.63829787234043,0.0,5.2,10.63829787234043
2023-01-28,5.2,10.63829787234043,0.0,0.0,5.2,10.63829787234043,0.0,5.2,10.63829787234043
2023-01-29,5.2,10.63829787234043,0.0,0.0,5.2,10.63829787234043,0.0,5.2,10.63829787234043
2023-01-30,5.21,10.851063829787222,0.0,0.0,5.21,10.851063829787222,0.0,5.21,10.851063829787222
2023-01-31,5.22,11.063829787234036,0.0,0.0,5.22,11.063829787234036,0.0,5.22,11.063829787234036
2023-02-01,5.21,10.851063829787222,0.0,0.0,5.21,10.851063829787222,0.0,5.21,10.851063829787222
2023-02-02,5.31,12.978723404255298,0.0,0.0,5.31,12.978723404255298,0.0,5.31,12.978723404255298
2023-02-03,5.32,13.191489361702136,0.0,0.0,5.32,13.191489361702136,0.0,5.32,13.191489361702136
2023-02-04,5.32,13.191489361702136,0.0,0.0,5.32,13.191489361702136,0.0,5.32,13.191489361702136
2023-02-05,5.32,13.191489361702136,0.0,0.0,5.32,13.191489361702136,0.0,5.32,13.191489361702136
2023-02-06,5.23,11.27659574468085,0.0,0.0,5.23,11.27659574468085,0.0,5.23,11.27659574468085
2023-02-07,5.19,10.425531914893615,0.0,0.0,5.19,10.425531914893615,0.0,5.19,10.425531914893615
2023-02-08,5.2,10.63829787234043,0.0,0.0,5.2,10.63829787234043,0.0,5.2,10.63829787234043
2023-02-09,5.2,10.63829787234043,0.0,0.0,5.2,10.63829787234043,0.0,5.2,10.63829787234043
2023-02-10,5.17,9.999999999999986,0.0,0.0,5.17,9.999999999999986,0.0,5.17,9.999999999999986
2023-02-11,5.17,9.999999999999986,0.0,0.0,5.17,9.999999999999986,0.0,5.17,9.999999999999986
2023-02-12,5.17,9.999999999999986,0.0,0.0,5.17,9.999999999999986,0.0,5.17,9.999999999999986
2023-02-13,5.17,9.999999999999986,0.0,0.0,5.17,9.999999999999986,0.0,5.17,9.999999999999986
2023-02-14,5.13,9.148936170212751,0.0,0.0,5.13,9.148936170212751,0.0,5.13,9.148936170212751
2023-02-15,5.16,9.787234042553195,0.0,0.0,5.16,9.787234042553195,0.0,5.16,9.787234042553195
2023-02-16,5.12,8.936170212765958,0.0,0.0,5.12,8.936170212765958,0.0,5.12,8.936170212765958
2023-02-17,5.11,8.723404255319146,0.0,0.0,5.11,8.723404255319146,0.0,5.11,8.723404255319146
2023-02-18,5.11,8.723404255319146,0.0,0.0,5.11,8.723404255319146,0.0,5.11,8.723404255319146
2023-02-19,5.11,8.723404255319146,0.0,0.0,5.11,8.723404255319146,0.0,5.11,8.723404255319146
2023-02-20,5.14,9.361702127659566,0.0,0.0,5.14,9.361702127659566,0.0,5.14,9.361702127659566
2023-02-21,5.08,8.085106382978724,0.0,0.0,5.08,8.085106382978724,0.0,5.08,8.085106382978724
2023-02-22,5.09,8.297872340425517,0.0,0.0,5.09,8.297872340425517,0.0,5.09,8.297872340425517
2023-02-23,5.08,8.085106382978724,0.0,0.0,5.08,8.085106382978724,0.0,5.08,8.085106382978724
2023-02-24,5.05,7.446808510638281,0.0,0.0,5.05,7.446808510638281,0.0,5.05,7.446808510638281
2023-02-25,5.05,7.446808510638281,0.0,0.0,5.05,7.446808510638281,0.0,5.05,7.446808510638281
2023-02-26,5.05,7.446808510638281,0.0,0.0,5.05,7.446808510638281,0.0,5.05,7.446808510638281
2023-02-27,5.03,7.021276595744674,0.0,0.0,5.03,7.021276595744674,0.0,5.03,7.021276595744674
2023-02-28,5.03,7.021276595744674,0.0,0.0,5.03,7.021276595744674,0.0,5.03,7.021276595744674
2023-03-01,5.02,6.80851063829786,0.0,0.0,5.02,6.80851063829786,0.0,5.02,6.80851063829786
2023-03-02,5.0,6.382978723404253,0.0,0.0,5.0,6.382978723404253,0.0,5.0,6.382978723404253
2023-03-03,4.99,6.170212765957439,0.0,0.0,4.99,6.170212765957439,0.0,4.99,6.170212765957439
2023-03-04,4.99,6.170212765957439,0.0,0.0,4.99,6.170212765957439,0.0,4.99,6.170212765957439
2023-03-05,4.99,6.170212765957439,0.0,0.0,4.99,6.170212765957439,0.0,4.99,6.170212765957439
2023-03-06,5.02,6.80851063829786,0.0,0.0,5.02,6.80851063829786,0.0,5.02,6.80851063829786
2023-03-07,5.04,7.234042553191489,0.0,0.0,5.04,7.234042553191489,0.0,5.04,7.234042553191489
2023-03-08,5.07,7.87234042553191,0.0,0.0,5.07,7.87234042553191,0.0,5.07,7.87234042553191
2023-03-09,5.03,7.021276595744674,0.0,0.0,5.03,7.021276595744674,0.0,5.03,7.021276595744674
2023-03-10,5.12,8.936170212765958,0.0,0.0,5.12,8.936170212765958,0.0,5.12,8.936170212765958
2023-03-11,5.12,8.936170212765958,0.0,0.0,5.12,8.936170212765958,0.0,5.12,8.936170212765958
2023-03-12,5.12,8.936170212765958,0.0,0.0,5.12,8.936170212765958,0.0,5.12,8.936170212765958
2023-03-13,5.18,10.212765957446802,0.0,0.0,5.18,10.212765957446802,0.0,5.18,10.212765957446802
2023-03-14,5.17,9.999999999999986,0.0,0.0,5.17,9.999999999999986,0.0,5.17,9.999999999999986
2023-03-15,5.25,11.702127659574458,0.0,0.0,5.25,11.702127659574458,0.0,5.25,11.702127659574458
2023-03-16,5.22,11.063829787234036,0.0,0.0,5.22,11.063829787234036,0.0,5.22,11.063829787234036
2023-03-17,5.27,12.127659574468064,0.0,0.0,5.27,12.127659574468064,0.0,5.27,12.127659574468064
2023-03-18,5.27,12.127659574468064,0.0,0.0,5.27,12.127659574468064,0.0,5.27,12.127659574468064
2023-03-19,5.27,12.127659574468064,0.0,0.0,5.27,12.127659574468064,0.0,5.27,12.127659574468064
2023-03-20,5.22,11.063829787234036,0.0,0.0,5.22,11.063829787234036,0.0,5.22,11.063829787234036
2023-03-21,5.21,10.851063829787222,0.0,0.0,5.21,10.851063829787222,0.0,5.21,10.851063829787222
2023-03-22,5.17,9.999999999999986,0.0,0.0,5.17,9.999999999999986,0.0,5.17,9.999999999999986
2023-03-23,5.2,10.63829787234043,0.0,0.0,5.2,10.63829787234043,0.0,5.2,10.63829787234043
2023-03-24,5.25,11.702127659574458,0.0,0.0,5.25,11.702127659574458,0.0,5.25,11.702127659574458
2023-03-25,5.25,11.702127659574458,0.0,0.0,5.25,11.702127659574458,0.0,5.25,11.702127659574458
2023-03-26,5.25,11.702127659574458,0.0,0.0,5.25,11.702127659574458,0.0,5.25,11.702127659574458
2023-03-27,5.23,11.27659574468085,0.0,0.0,5.23,11.27659574468085,0.0,5.23,11.27659574468085
2023-03-28,5.19,10.425531914893615,0.0,0.0,5.19,10.425531914893615,0.0,5.19,10.425531914893615
2023-03-29,5.19,10.425531914893615,0.0,0.0,5.19,10.425531914893615,0.0,5.19,10.425531914893615
2023-03-30,5.17,9.999999999999986,0.0,0.0,5.17,9.999999999999986,0.0,5.17,9.999999999999986
2023-03-31,5.16,9.787234042553195,0.0,0.0,5.16,9.787234042553195,0.0,5.16,9.787234042553195
2023-04-01,5.16,9.787234042553195,0.0,0.0,5.16,9.787234042553195,0.0,5.16,9.787234042553195
2023-04-02,5.16,9.787234042553195,0.0,0.0,5.16,9.787234042553195,0.0,5.16,9.787234042553195
2023-04-03,5.23,11.27659574468085,0.0,0.0,5.23,11.27659574468085,0.0,5.23,11.27659574468085
2023-04-04,5.23,11.27659574468085,0.0,0.0,5.23,11.27659574468085,0.0,5.23,11.27659574468085
2023-04-05,5.21,10.851063829787222,0.0,0.0,5.21,10.851063829787222,0.0,5.21,10.851063829787222
2023-04-06,5.23,11.27659574468085,0.0,0.0,5.23,11.27659574468085,0.0,5.23,11.27659574468085
2023-04-07,5.23,11.27659574468085,0.0,0.0,5.23,11.27659574468085,0.0,5.23,11.27659574468085
2023-04-08,5.23,11.27659574468085,0.0,0.0,5.23,11.27659574468085,0.0,5.23,11.27659574468085
2023-04-09,5.23,11.27659574468085,0.0,0.0,5.23,11.27659574468085,0.0,5.23,11.27659574468085
2023-04-10,5.23,11.27659574468085,0.0,0.0,5.23,11.27659574468085,0.0,5.23,11.27659574468085
2023-04-11,5.17,9.999999999999986,0.0,0.0,5.17,9.999999999999986,0.0,5.17,9.999999999999986
2023-04-12,5.17,9.999999999999986,0.0,0.0,5.17,9.999999999999986,0.0,5.17,9.999999999999986
2023-04-13,5.17,9.999999999999986,0.0,0.0,5.17,9.999999999999986,0.0,5.17,9.999999999999986
2023-04-14,5.11,8.723404255319146,0.0,0.0,5.11,8.723404255319146,0.0,5.11,8.723404255319146
2023-04-15,5.11,8.723404255319146,0.0,0.0,5.11,8.723404255319146,0.0,5.11,8.723404255319146
2023-04-16,5.11,8.723404255319146,0.0,0.0,5.11,8.723404255319146,0.0,5.11,8.723404255319146
2023-04-17,5.08,8.085106382978724,0.0,0.0,5.08,8.085106382978724,0.0,5.08,8.085106382978724
2023-04-18,5.08,8.085106382978724,0.0,0.0,5.08,8.085106382978724,0.0,5.08,8.085106382978724
2023-04-19,5.03,7.021276595744674,0.0,0.0,5.03,7.021276595744674,0.0,5.03,7.021276595744674
2023-04-20,5.06,7.659574468085095,0.0,0.0,5.06,7.659574468085095,0.0,5.06,7.659574468085095
2023-04-21,5.06,7.659574468085095,0.0,0.0,5.06,7.659574468085095,0.0,5.06,7.659574468085095
2023-04-22,5.06,7.659574468085095,0.0,0.0,5.06,7.659574468085095,0.0,5.06,7.659574468085095
2023-04-23,5.06,7.659574468085095,0.0,0.0,5.06,7.659574468085095,0.0,5.06,7.659574468085095
2023-04-24,5.06,7.659574468085095,0.0,0.0,5.06,7.659574468085095,0.0,5.06,7.659574468085095
2023-04-25,5.09,8.297872340425517,0.0,0.0,5.09,8.297872340425517,0.0,5.09,8.297872340425517
2023-04-26,5.09,8.297872340425517,0.0,0.0,5.09,8.297872340425517,0.0,5.09,8.297872340425517
2023-04-27,5.04,7.234042553191489,0.0,0.0,5.04,7.234042553191489,0.0,5.04,7.234042553191489
2023-04-28,5.07,7.87234042553191,0.0,0.0,5.07,7.87234042553191,0.0,5.07,7.87234042553191
2023-04-29,5.07,7.87234042553191,0.0,0.0,5.07,7.87234042553191,0.0,5.07,7.87234042553191
2023-04-30,5.07,7.87234042553191,0.0,0.0,5.07,7.87234042553191,0.0,5.07,7.87234042553191
2023-05-01,5.07,7.87234042553191,0.0,0.0,5.07,7.87234042553191,0.0,5.07,7.87234042553191
2023-05-02,5.11,8.723404255319146,0.0,0.0,5.11,8.723404255319146,0.0,5.11,8.723404255319146
2023-05-03,5.08,8.085106382978724,0.0,0.0,5.08,8.085106382978724,0.0,5.08,8.085106382978724
2023-05-04,5.06,7.659574468085095,0.0,0.0,5.06,7.659574468085095,0.0,5.06,7.659574468085095
2023-05-05,5.05,7.446808510638281,0.0,0.0,5.05,7.446808510638281,0.0,5.05,7.446808510638281
2023-05-06,5.05,7.446808510638281,0.0,0.0,5.05,7.446808510638281,0.0,5.05,7.446808510638281
2023-05-07,5.05,7.446808510638281,0.0,0.0,5.05,7.446808510638281,0.0,5.05,7.446808510638281
2023-05-08,5.04,7.234042553191489,0.0,0.0,5.04,7.234042553191489,0.0,5.04,7.234042553191489
2023-05-09,5.02,6.80851063829786,0.0,0.0,5.02,6.80851063829786,0.0,5.02,6.80851063829786
2023-05-10,5.06,7.659574468085095,0.0,0.0,5.06,7.659574468085095,0.0,5.06,7.659574468085095
2023-05-11,5.09,8.297872340425517,0.0,0.0,5.09,8.297872340425517,0.0,5.09,8.297872340425517
2023-05-12,5.04,7.234042553191489,0.0,0.0,5.04,7.234042553191489,0.0,5.04,7.234042553191489
2023-05-13,5.04,7.234042553191489,0.0,0.0,5.04,7.234042553191489,0.0,5.04,7.234042553191489
2023-05-14,5.04,7.234042553191489,0.0,0.0,5.04,7.234042553191489,0.0,5.04,7.234042553191489
2023-05-15,5.01,6.595744680851046,0.0,0.0,5.01,6.595744680851046,0.0,5.01,6.595744680851046
2023-05-16,5.03,7.021276595744674,0.0,0.0,5.03,7.021276595744674,0.0,5.03,7.021276595744674
2023-05-17,5.02,6.80851063829786,0.0,0.0,5.02,6.80851063829786,0.0,5.02,6.80851063829786
2023-05-18,4.96,5.531914893617018,0.0,0.0,4.96,5.531914893617018,0.0,4.96,5.531914893617018
2023-05-19,4.89,4.042553191489362,0.05,0.05,4.9399999999999995,5.106382978723389,0.05,4.9399999999999995,5.106382978723389
2023-05-20,4.89,4.042553191489362,0.0,0.05,4.9399999999999995,5.106382978723389,0.05,4.9399999999999995,5.106382978723389
2023-05-21,4.89,4.042553191489362,0.0,0.05,4.9399999999999995,5.106382978723389,0.05,4.9399999999999995,5.106382978723389
2023-05-22,4.89,4.042553191489362,0.0,0.05,4.9399999999999995,5.106382978723389,0.05,4.9399999999999995,5.106382978723389
2023-05-23,4.83,2.765957446808498,0.0,0.05,4.88,3.8297872340425476,0.04938650306748467,4.879386503067485,3.81673410781882
2023-05-24,4.84,2.9787234042553123,0.0,0.05,4.89,4.042553191489362,0.04948875255623722,4.889488752556237,4.0316755863029075
2023-05-25,4.78,1.7021276595744705,0.0,0.05,4.83,2.765957446808498,0.048875255623721886,4.828875255623722,2.742026715398338
2023-05-26,4.77,1.4893617021276562,0.0,0.05,4.819999999999999,2.5531914893616836,0.04877300613496933,4.818773006134969,2.5270852369142283
2023-05-27,4.77,1.4893617021276562,0.0,0.05,4.819999999999999,2.5531914893616836,0.04877300613496933,4.818773006134969,2.5270852369142283
2023-05-28,4.77,1.4893617021276562,0.0,0.05,4.819999999999999,2.5531914893616836,0.04877300613496933,4.818773006134969,2.5270852369142283
2023-05-29,4.8,2.127659574468077,0.0,0.05,4.85,3.1914893617021267,0.049079754601226995,4.8490797546012265,3.171909672366513
2023-05-30,4.82,2.553191489361706,0.0,0.05,4.87,3.6170212765957332,0.04928425357873211,4.869284253578733,3.6017926293347324
2023-05-31,4.83,2.765957446808498,0.0,0.05,4.88,3.8297872340425476,0.04938650306748467,4.879386503067485,3.81673410781882
2023-06-01,4.86,3.404255319148941,0.0,0.05,4.91,4.4680851063829685,0.049693251533742336,4.909693251533743,4.461558543271127
2023-06-02,4.85,3.1914893617021267,0.0,0.05,4.8999999999999995,4.255319148936154,0.04959100204498978,4.899591002044989,4.246617064786995
2023-06-03,4.85,3.1914893617021267,0.0,0.05,4.8999999999999995,4.255319148936154,0.04959100204498978,4.899591002044989,4.246617064786995
2023-06-04,4.85,3.1914893617021267,0.0,0.05,4.8999999999999995,4.255319148936154,0.04959100204498978,4.899591002044989,4.246617064786995
2023-06-05,4.84,2.9787234042553123,0.0,0.05,4.89,4.042553191489362,0.04948875255623722,4.889488752556237,4.0316755863029075
2023-06-06,4.84,2.9787234042553123,0.0,0.05,4.89,4.042553191489362,0.04948875255623722,4.889488752556237,4.0316755863029075
2023-06-07,4.83,2.765957446808498,0.0,0.05,4.88,3.8297872340425476,0.04938650306748467,4.879386503067485,3.81673410781882
2023-06-08,4.82,2.553191489361706,0.0,0.05,4.87,3.6170212765957332,0.04928425357873211,4.869284253578733,3.6017926293347324
2023-06-09,4.83,2.765957446808498,0.0,0.05,4.88,3.8297872340425476,0.04938650306748467,4.879386503067485,3.81673410781882
2023-06-10,4.83,2.765957446808498,0.0,0.05,4.88,3.8297872340425476,0.04938650306748467,4.879386503067485,3.81673410781882
2023-06-11,4.83,2.765957446808498,0.0,0.05,4.88,3.8297872340425476,0.04938650306748467,4.879386503067485,3.81673410781882
2023-06-12,4.82,2.553191489361706,0.0,0.05,4.87,3.6170212765957332,0.04928425357873211,4.869284253578733,3.6017926293347324
2023-06-13,4.76,1.2765957446808418,0.0,0.05,4.81,2.3404255319148914,0.04867075664621677,4.808670756646216,2.3121437584301185
2023-06-14,4.79,1.9148936170212627,0.0,0.05,4.84,2.9787234042553123,0.048977505112474444,4.838977505112474,2.9569681938824255
2023-06-15,4.8,2.127659574468077,0.0,0.05,4.85,3.1914893617021267,0.049079754601226995,4.8490797546012265,3.171909672366513
2023-06-16,4.79,1.9148936170212627,0.0,0.05,4.84,2.9787234042553123,0.048977505112474444,4.838977505112474,2.9569681938824255
2023-06-17,4.79,1.9148936170212627,0.0,0.05,4.84,2.9787234042553123,0.048977505112474444,4.838977505112474,2.9569681938824255
2023-06-18,4.79,1.9148936170212627,0.0,0.05,4.84,2.9787234042553123,0.048977505112474444,4.838977505112474,2.9569681938824255
2023-06-19,4.77,1.4893617021276562,0.0,0.05,4.819999999999999,2.5531914893616836,0.04877300613496933,4.818773006134969,2.5270852369142283
2023-06-20,4.82,2.553191489361706,0.0,0.05,4.87,3.6170212765957332,0.04928425357873211,4.869284253578733,3.6017926293347324
2023-06-21,4.81,2.3404255319148914,0.0,0.05,4.859999999999999,3.404255319148919,0.04918200408997955,4.85918200408998,3.3868511508506227
2023-06-22,4.8,2.127659574468077,0.0,0.05,4.85,3.1914893617021267,0.049079754601226995,4.8490797546012265,3.171909672366513
2023-06-23,4.83,2.765957446808498,0.0,0.05,4.88,3.8297872340425476,0.04938650306748467,4.879386503067485,3.81673410781882
2023-06-24,4.83,2.765957446808498,0.0,0.05,4.88,3.8297872340425476,0.04938650306748467,4.879386503067485,3.81673410781882
2023-06-25,4.83,2.765957446808498,0.0,0.05,4.88,3.8297872340425476,0.04938650306748467,4.879386503067485,3.81673410781882
2023-06-26,4.84,2.9787234042553123,0.0,0.05,4.89,4.042553191489362,0.04948875255623722,4.889488752556237,4.0316755863029075
2023-06-27,4.81,2.3404255319148914,0.0,0.05,4.859999999999999,3.404255319148919,0.04918200408997955,4.85918200408998,3.3868511508506227
2023-06-28,4.84,2.9787234042553123,0.0,0.05,4.89,4.042553191489362,0.04948875255623722,4.889488752556237,4.0316755863029075
2023-06-29,4.81,2.3404255319148914,0.0,0.05,4.859999999999999,3.404255319148919,0.04918200408997955,4.85918200408998,3.3868511508506227
2023-06-30,4.81,2.3404255319148914,0.0,0.05,4.859999999999999,3.404255319148919,0.04918200408997955,4.85918200408998,3.3868511508506227
2023-07-01,4.81,2.3404255319148914,0.0,0.05,4.859999999999999,3.404255319148919,0.04918200408997955,4.85918200408998,3.3868511508506227
2023-07-02,4.81,2.3404255319148914,0.0,0.05,4.859999999999999,3.404255319148919,0.04918200408997955,4.85918200408998,3.3868511508506227
2023-07-03,4.8,2.127659574468077,0.0,0.05,4.85,3.1914893617021267,0.049079754601226995,4.8490797546012265,3.171909672366513
2023-07-04,4.81,2.3404255319148914,0.0,0.05,4.859999999999999,3.404255319148919,0.04918200408997955,4.85918200408998,3.3868511508506227
2023-07-05,4.77,1.4893617021276562,0.0,0.05,4.819999999999999,2.5531914893616836,0.04877300613496933,4.818773006134969,2.5270852369142283
2023-07-06,4.74,0.8510638297872353,0.0,0.05,4.79,1.9148936170212627,0.04846625766871166,4.788466257668712,1.8822608014619435
2023-07-07,4.72,0.42553191489360653,0.0,0.05,4.77,1.4893617021276562,0.048261758691206545,4.768261758691207,1.4523778444937463
2023-07-08,4.72,0.42553191489360653,0.0,0.05,4.77,1.4893617021276562,0.048261758691206545,4.768261758691207,1.4523778444937463
2023-07-09,4.72,0.42553191489360653,0.0,0.05,4.77,1.4893617021276562,0.048261758691206545,4.768261758691207,1.4523778444937463
2023-07-10,4.72,0.42553191489360653,0.0,0.05,4.77,1.4893617021276562,0.048261758691206545,4.768261758691207,1.4523778444937463
2023-07-11,4.72,0.42553191489360653,0.0,0.05,4.77,1.4893617021276562,0.048261758691206545,4.768261758691207,1.4523778444937463
2023-07-12,4.77,1.4893617021276562,0.0,0.05,4.819999999999999,2.5531914893616836,0.04877300613496933,4.818773006134969,2.5270852369142283
2023-07-13,4.78,1.7021276595744705,0.0,0.05,4.83,2.765957446808498,0.048875255623721886,4.828875255623722,2.742026715398338
2023-07-14,4.8,2.127659574468077,0.0,0.05,4.85,3.1914893617021267,0.049079754601226995,4.8490797546012265,3.171909672366513
2023-07-15,4.8,2.127659574468077,0.0,0.05,4.85,3.1914893617021267,0.049079754601226995,4.8490797546012265,3.171909672366513
2023-07-16,4.8,2.127659574468077,0.0,0.05,4.85,3.1914893617021267,0.049079754601226995,4.8490797546012265,3.171909672366513
2023-07-17,4.79,1.9148936170212627,0.0,0.05,4.84,2.9787234042553123,0.048977505112474444,4.838977505112474,2.9569681938824255
2023-07-18,4.82,2.553191489361706,0.0,0.05,4.87,3.6170212765957332,0.04928425357873211,4.869284253578733,3.6017926293347324
2023-07-19,4.88,3.8297872340425476,0.0,0.05,4.93,4.893617021276575,0.049897750511247445,4.929897750511247,4.891441500239302
2023-07-20,4.84,2.9787234042553123,0.0,0.05,4.89,4.042553191489362,0.04948875255623722,4.889488752556237,4.0316755863029075
2023-07-21,4.84,2.9787234042553123,0.0,0.05,4.89,4.042553191489362,0.04948875255623722,4.889488752556237,4.0316755863029075
2023-07-22,4.84,2.9787234042553123,0.0,0.05,4.89,4.042553191489362,0.04948875255623722,4.889488752556237,4.0316755863029075
2023-07-23,4.84,2.9787234042553123,0.0,0.05,4.89,4.042553191489362,0.04948875255623722,4.889488752556237,4.0316755863029075
2023-07-24,4.86,3.404255319148941,0.0,0.05,4.91,4.4680851063829685,0.049693251533742336,4.909693251533743,4.461558543271127
2023-07-25,4.84,2.9787234042553123,0.0,0.05,4.89,4.042553191489362,0.04948875255623722,4.889488752556237,4.0316755863029075
2023-07-26,4.84,2.9787234042553123,0.0,0.05,4.89,4.042553191489362,0.04948875255623722,4.889488752556237,4.0316755863029075
2023-07-27,4.82,2.553191489361706,0.0,0.05,4.87,3.6170212765957332,0.04928425357873211,4.869284253578733,3.6017926293347324
2023-07-28,4.85,3.1914893617021267,0.0,0.05,4.8999999999999995,4.255319148936154,0.04959100204498978,4.899591002044989,4.246617064786995
2023-07-29,4.85,3.1914893617021267,0.0,0.05,4.8999999999999995,4.255319148936154,0.04959100204498978,4.899591002044989,4.246617064786995
2023-07-30,4.85,3.1914893617021267,0.0,0.05,4.8999999999999995,4.255319148936154,0.04959100204498978,4.899591002044989,4.246617064786995
2023-07-31,4.84,2.9787234042553123,0.0,0.05,4.89,4.042553191489362,0.04948875255623722,4.889488752556237,4.0316755863029075
2023-08-01,4.82,2.553191489361706,0.0,0.05,4.87,3.6170212765957332,0.04928425357873211,4.869284253578733,3.6017926293347324
2023-08-02,4.81,2.3404255319148914,0.0,0.05,4.859999999999999,3.404255319148919,0.04918200408997955,4.85918200408998,3.3868511508506227
2023-08-03,4.76,1.2765957446808418,0.0,0.05,4.81,2.3404255319148914,0.04867075664621677,4.808670756646216,2.3121437584301185
2023-08-04,4.81,2.3404255319148914,0.0,0.05,4.859999999999999,3.404255319148919,0.04918200408997955,4.85918200408998,3.3868511508506227
2023-08-05,4.81,2.3404255319148914,0.0,0.05,4.859999999999999,3.404255319148919,0.04918200408997955,4.85918200408998,3.3868511508506227
2023-08-06,4.81,2.3404255319148914,0.0,0.05,4.859999999999999,3.404255319148919,0.04918200408997955,4.85918200408998,3.3868511508506227
2023-08-07,4.78,1.7021276595744705,0.0,0.05,4.83,2.765957446808498,0.048875255623721886,4.828875255623722,2.742026715398338
2023-08-08,4.81,2.3404255319148914,0.0,0.05,4.859999999999999,3.404255319148919,0.04918200408997955,4.85918200408998,3.3868511508506227
2023-08-09,4.82,2.553191489361706,0.0,0.05,4.87,3.6170212765957332,0.04928425357873211,4.869284253578733,3.6017926293347324
2023-08-10,4.83,2.765957446808498,0.0,0.05,4.88,3.8297872340425476,0.04938650306748467,4.879386503067485,3.81673410781882
2023-08-11,4.74,0.8510638297872353,0.0,0.05,4.79,1.9148936170212627,0.04846625766871166,4.788466257668712,1.8822608014619435
2023-08-12,4.74,0.8510638297872353,0.0,0.05,4.79,1.9148936170212627,0.04846625766871166,4.788466257668712,1.8822608014619435
2023-08-13,4.74,0.8510638297872353,0.0,0.05,4.79,1.9148936170212627,0.04846625766871166,4.788466257668712,1.8822608014619435
2023-08-14,4.73,0.6382978723404209,0.0,0.05,4.78,1.7021276595744705,0.04836400817995911,4.77836400817996,1.667319322977856
2023-08-15,4.72,0.42553191489360653,0.0,0.05,4.77,1.4893617021276562,0.048261758691206545,4.768261758691207,1.4523778444937463
2023-08-16,4.71,0.21276595744681437,0.0,0.05,4.76,1.2765957446808418,0.048159509202453994,4.758159509202454,1.2374363660096366
2023-08-17,4.68,-0.42553191489362874,0.0,0.05,4.7299999999999995,0.6382978723404209,0.04785276073619632,4.727852760736196,0.5926119305573518
2023-08-18,4.69,-0.21276595744680327,0.0,0.05,4.74,0.8510638297872353,0.047955010224948885,4.737955010224949,0.8075534090414616
2023-08-19,4.69,-0.21276595744680327,0.0,0.05,4.74,0.8510638297872353,0.047955010224948885,4.737955010224949,0.8075534090414616
2023-08-20,4.69,-0.21276595744680327,0.0,0.05,4.74,0.8510638297872353,0.047955010224948885,4.737955010224949,0.8075534090414616
2023-08-21,4.68,-0.42553191489362874,0.0,0.05,4.7299999999999995,0.6382978723404209,0.04785276073619632,4.727852760736196,0.5926119305573518
2023-08-22,4.7,0.0,0.0,0.05,4.75,1.0638297872340496,0.048057259713701436,4.748057259713701,1.022494887525549
2023-08-23,4.76,1.2765957446808418,0.0,0.05,4.81,2.3404255319148914,0.04867075664621677,4.808670756646216,2.3121437584301185
2023-08-24,4.8,2.127659574468077,0.0,0.05,4.85,3.1914893617021267,0.049079754601226995,4.8490797546012265,3.171909672366513
2023-08-25,4.8,2.127659574468077,0.0,0.05,4.85,3.1914893617021267,0.049079754601226995,4.8490797546012265,3.171909672366513
2023-08-26,4.8,2.127659574468077,0.0,0.05,4.85,3.1914893617021267,0.049079754601226995,4.8490797546012265,3.171909672366513
2023-08-27,4.8,2.127659574468077,0.0,0.05,4.85,3.1914893617021267,0.049079754601226995,4.8490797546012265,3.171909672366513
2023-08-28,4.79,1.9148936170212627,0.0,0.05,4.84,2.9787234042553123,0.048977505112474444,4.838977505112474,2.9569681938824255
2023-08-29,4.8,2.127659574468077,0.0,0.05,4.85,3.1914893617021267,0.049079754601226995,4.8490797546012265,3.171909672366513
2023-08-30,4.8,2.127659574468077,0.0,0.05,4.85,3.1914893617021267,0.049079754601226995,4.8490797546012265,3.171909672366513
2023-08-31,4.82,2.553191489361706,0.0,0.05,4.87,3.6170212765957332,0.04928425357873211,4.869284253578733,3.6017926293347324
2023-09-01,4.8,2.127659574468077,0.0,0.05,4.85,3.1914893617021267,0.049079754601226995,4.8490797546012265,3.171909672366513
2023-09-02,4.8,2.127659574468077,0.0,0.05,4.85,3.1914893617021267,0.049079754601226995,4.8490797546012265,3.171909672366513
2023-09-03,4.8,2.127659574468077,0.0,0.05,4.85,3.1914893617021267,0.049079754601226995,4.8490797546012265,3.171909672366513
2023-09-04,4.77,1.4893617021276562,0.0,0.05,4.819999999999999,2.5531914893616836,0.04877300613496933,4.818773006134969,2.5270852369142283
2023-09-05,4.75,1.0638297872340496,0.0,0.05,4.8,2.127659574468077,0.04856850715746422,4.798568507157464,2.097202279946031
2023-09-06,4.76,1.2765957446808418,0.0,0.05,4.81,2.3404255319148914,0.04867075664621677,4.808670756646216,2.3121437584301185
2023-09-07,4.77,1.4893617021276562,0.0,0.05,4.819999999999999,2.5531914893616836,0.04877300613496933,4.818773006134969,2.5270852369142283
2023-09-08,4.81,2.3404255319148914,0.0,0.05,4.859999999999999,3.404255319148919,0.04918200408997955,4.85918200408998,3.3868511508506227
2023-09-09,4.81,2.3404255319148914,0.0,0.05,4.859999999999999,3.404255319148919,0.04918200408997955,4.85918200408998,3.3868511508506227
2023-09-10,4.81,2.3404255319148914,0.0,0.05,4.859999999999999,3.404255319148919,0.04918200408997955,4.85918200408998,3.3868511508506227
2023-09-11,4.78,1.7021276595744705,0.0,0.05,4.83,2.765957446808498,0.048875255623721886,4.828875255623722,2.742026715398338
2023-09-12,4.78,1.7021276595744705,0.0,0.05,4.83,2.765957446808498,0.048875255623721886,4.828875255623722,2.742026715398338
2023-09-13,4.81,2.3404255319148914,0.0,0.05,4.859999999999999,3.404255319148919,0.04918200408997955,4.85918200408998,3.3868511508506227
2023-09-14,4.84,2.9787234042553123,0.0,0.05,4.89,4.042553191489362,0.04948875255623722,4.889488752556237,4.0316755863029075
2023-09-15,4.82,2.553191489361706,0.0,0.05,4.87,3.6170212765957332,0.04928425357873211,4.869284253578733,3.6017926293347324
2023-09-16,4.82,2.553191489361706,0.0,0.05,4.87,3.6170212765957332,0.04928425357873211,4.869284253578733,3.6017926293347324
2023-09-17,4.82,2.553191489361706,0.0,0.05,4.87,3.6170212765957332,0.04928425357873211,4.869284253578733,3.6017926293347324
2023-09-18,4.79,1.9148936170212627,0.0,0.05,4.84,2.9787234042553123,0.048977505112474444,4.838977505112474,2.9569681938824255
2023-09-19,4.8,2.127659574468077,0.0,0.05,4.85,3.1914893617021267,0.049079754601226995,4.8490797546012265,3.171909672366513
2023-09-20,4.84,2.9787234042553123,0.0,0.05,4.89,4.042553191489362,0.04948875255623722,4.889488752556237,4.0316755863029075
2023-09-21,4.83,2.765957446808498,0.0,0.05,4.88,3.8297872340425476,0.04938650306748467,4.879386503067485,3.81673410781882
2023-09-22,4.84,2.9787234042553123,0.0,0.05,4.89,4.042553191489362,0.04948875255623722,4.889488752556237,4.0316755863029075
2023-09-23,4.84,2.9787234042553123,0.0,0.05,4.89,4.042553191489362,0.04948875255623722,4.889488752556237,4.0316755863029075
2023-09-24,4.84,2.9787234042553123,0.0,0.05,4.89,4.042553191489362,0.04948875255623722,4.889488752556237,4.0316755863029075
2023-09-25,4.8,2.127659574468077,0.0,0.05,4.85,3.1914893617021267,0.049079754601226995,4.8490797546012265,3.171909672366513
2023-09-26,4.79,1.9148936170212627,0.0,0.05,4.84,2.9787234042553123,0.048977505112474444,4.838977505112474,2.9569681938824255
2023-09-27,4.79,1.9148936170212627,0.0,0.05,4.84,2.9787234042553123,0.048977505112474444,4.838977505112474,2.9569681938824255
2023-09-28,4.75,1.0638297872340496,0.0,0.05,4.8,2.127659574468077,0.04856850715746422,4.798568507157464,2.097202279946031
2023-09-29,4.79,1.9148936170212627,0.0,0.05,4.84,2.9787234042553123,0.048977505112474444,4.838977505112474,2.9569681938824255
2023-09-30,4.79,1.9148936170212627,0.0,0.05,4.84,2.9787234042553123,0.048977505112474444,4.838977505112474,2.9569681938824255
2023-10-01,4.79,1.9148936170212627,0.0,0.05,4.84,2.9787234042553123,0.048977505112474444,4.838977505112474,2.9569681938824255
2023-10-02,4.72,0.42553191489360653,0.0,0.05,4.77,1.4893617021276562,0.048261758691206545,4.768261758691207,1.4523778444937463
2023-10-03,4.7,0.0,0.0,0.05,4.75,1.0638297872340496,0.048057259713701436,4.748057259713701,1.022494887525549
2023-10-04,4.71,0.21276595744681437,0.0,0.05,4.76,1.2765957446808418,0.048159509202453994,4.758159509202454,1.2374363660096366
2023-10-05,4.72,0.42553191489360653,0.0,0.05,4.77,1.4893617021276562,0.048261758691206545,4.768261758691207,1.4523778444937463
2023-10-06,4.7,0.0,0.0,0.05,4.75,1.0638297872340496,0.048057259713701436,4.748057259713701,1.022494887525549
2023-10-07,4.7,0.0,0.0,0.05,4.75,1.0638297872340496,0.048057259713701436,4.748057259713701,1.022494887525549
2023-10-08,4.7,0.0,0.0,0.05,4.75,1.0638297872340496,0.048057259713701436,4.748057259713701,1.022494887525549
2023-10-09,4.73,0.6382978723404209,0.0,0.05,4.78,1.7021276595744705,0.04836400817995911,4.77836400817996,1.667319322977856
2023-10-10,4.76,1.2765957446808418,0.0,0.05,4.81,2.3404255319148914,0.04867075664621677,4.808670756646216,2.3121437584301185
2023-10-11,4.81,2.3404255319148914,0.0,0.05,4.859999999999999,3.404255319148919,0.04918200408997955,4.85918200408998,3.3868511508506227
2023-10-12,4.79,1.9148936170212627,0.0,0.05,4.84,2.9787234042553123,0.048977505112474444,4.838977505112474,2.9569681938824255
2023-10-13,4.79,1.9148936170212627,0.0,0.05,4.84,2.9787234042553123,0.048977505112474444,4.838977505112474,2.9569681938824255
2023-10-14,4.79,1.9148936170212627,0.0,0.05,4.84,2.9787234042553123,0.048977505112474444,4.838977505112474,2.9569681938824255
2023-10-15,4.79,1.9148936170212627,0.0,0.05,4.84,2.9787234042553123,0.048977505112474444,4.838977505112474,2.9569681938824255
2023-10-16,4.75,1.0638297872340496,0.0,0.05,4.8,2.127659574468077,0.04856850715746422,4.798568507157464,2.097202279946031
2023-10-17,4.73,0.6382978723404209,0.0,0.05,4.78,1.7021276595744705,0.04836400817995911,4.77836400817996,1.667319322977856
2023-10-18,4.71,0.21276595744681437,0.0,0.05,4.76,1.2765957446808418,0.048159509202453994,4.758159509202454,1.2374363660096366
2023-10-19,4.68,-0.42553191489362874,0.0,0.05,4.7299999999999995,0.6382978723404209,0.04785276073619632,4.727852760736196,0.5926119305573518
2023-10-20,4.69,-0.21276595744680327,0.0,0.05,4.74,0.8510638297872353,0.047955010224948885,4.737955010224949,0.8075534090414616
2023-10-21,4.69,-0.21276595744680327,0.0,0.05,4.74,0.8510638297872353,0.047955010224948885,4.737955010224949,0.8075534090414616
2023-10-22,4.69,-0.21276595744680327,0.0,0.05,4.74,0.8510638297872353,0.047955010224948885,4.737955010224949,0.8075534090414616
2023-10-23,4.7,0.0,0.0,0.05,4.75,1.0638297872340496,0.048057259713701436,4.748057259713701,1.022494887525549
2023-10-24,4.72,0.42553191489360653,0.0,0.05,4.77,1.4893617021276562,0.048261758691206545,4.768261758691207,1.4523778444937463
2023-10-25,4.71,0.21276595744681437,0.0,0.05,4.76,1.2765957446808418,0.048159509202453994,4.758159509202454,1.2374363660096366
2023-10-26,4.7,0.0,0.0,0.05,4.75,1.0638297872340496,0.048057259713701436,4.748057259713701,1.022494887525549
2023-10-27,4.73,0.6382978723404209,0.0,0.05,4.78,1.7021276595744705,0.04836400817995911,4.77836400817996,1.667319322977856
2023-10-28,4.73,0.6382978723404209,0.0,0.05,4.78,1.7021276595744705,0.04836400817995911,4.77836400817996,1.667319322977856
2023-10-29,4.73,0.6382978723404209,0.0,0.05,4.78,1.7021276595744705,0.04836400817995911,4.77836400817996,1.667319322977856
2023-10-30,4.73,0.6382978723404209,0.0,0.05,4.78,1.7021276595744705,0.04836400817995911,4.77836400817996,1.667319322977856
2023-10-31,4.73,0.6382978723404209,0.0,0.05,4.78,1.7021276595744705,0.04836400817995911,4.77836400817996,1.667319322977856
2023-11-01,4.75,1.0638297872340496,0.0,0.05,4.8,2.127659574468077,0.04856850715746422,4.798568507157464,2.097202279946031
2023-11-02,4.79,1.9148936170212627,0.0,0.05,4.84,2.9787234042553123,0.048977505112474444,4.838977505112474,2.9569681938824255
2023-11-03,4.82,2.553191489361706,0.0,0.05,4.87,3.6170212765957332,0.04928425357873211,4.869284253578733,3.6017926293347324
2023-11-04,4.82,2.553191489361706,0.0,0.05,4.87,3.6170212765957332,0.04928425357873211,4.869284253578733,3.6017926293347324
2023-11-05,4.82,2.553191489361706,0.0,0.05,4.87,3.6170212765957332,0.04928425357873211,4.869284253578733,3.6017926293347324
2023-11-06,4.8,2.127659574468077,0.0,0.05,4.85,3.1914893617021267,0.049079754601226995,4.8490797546012265,3.171909672366513
2023-11-07,4.84,2.9787234042553123,0.0,0.05,4.89,4.042553191489362,0.04948875255623722,4.889488752556237,4.0316755863029075
2023-11-08,4.86,3.404255319148941,0.0,0.05,4.91,4.4680851063829685,0.049693251533742336,4.909693251533743,4.461558543271127
2023-11-09,4.85,3.1914893617021267,0.0,0.05,4.8999999999999995,4.255319148936154,0.04959100204498978,4.899591002044989,4.246617064786995
2023-11-10,4.83,2.765957446808498,0.0,0.05,4.88,3.8297872340425476,0.04938650306748467,4.879386503067485,3.81673410781882
2023-11-11,4.83,2.765957446808498,0.0,0.05,4.88,3.8297872340425476,0.04938650306748467,4.879386503067485,3.81673410781882
2023-11-12,4.83,2.765957446808498,0.0,0.05,4.88,3.8297872340425476,0.04938650306748467,4.879386503067485,3.81673410781882
2023-11-13,4.83,2.765957446808498,0.0,0.05,4.88,3.8297872340425476,0.04938650306748467,4.879386503067485,3.81673410781882
2023-11-14,4.88,3.8297872340425476,0.0,0.05,4.93,4.893617021276575,0.049897750511247445,4.929897750511247,4.891441500239302
2023-11-15,4.89,4.042553191489362,0.0,0.05,4.9399999999999995,5.106382978723389,0.05,4.9399999999999995,5.106382978723389
2023-11-16,4.84,2.9787234042553123,0.07,0.12000000000000001,4.96,5.531914893617018,0.11948875255623723,4.959488752556237,5.521037288430586
2023-11-17,4.86,3.404255319148941,0.0,0.12000000000000001,4.98,5.957446808510647,0.11998250773208946,4.97998250773209,5.957074632597648
2023-11-18,4.86,3.404255319148941,0.0,0.12000000000000001,4.98,5.957446808510647,0.11998250773208946,4.97998250773209,5.957074632597648
2023-11-19,4.86,3.404255319148941,0.0,0.12000000000000001,4.98,5.957446808510647,0.11998250773208946,4.97998250773209,5.957074632597648
2023-11-20,4.84,2.9787234042553123,0.0,0.12000000000000001,4.96,5.531914893617018,0.11948875255623723,4.959488752556237,5.521037288430586
2023-11-21,4.84,2.9787234042553123,0.0,0.12000000000000001,4.96,5.531914893617018,0.11948875255623723,4.959488752556237,5.521037288430586
2023-11-22,4.83,2.765957446808498,0.0,0.12000000000000001,4.95,5.319148936170204,0.11924187496831112,4.949241874968311,5.303018616347033
2023-11-23,4.8,2.127659574468077,0.0,0.12000000000000001,4.92,4.680851063829783,0.11850124220453279,4.918501242204533,4.64896260009644
2023-11-24,4.77,1.4893617021276562,0.0,0.12000000000000001,4.89,4.042553191489362,0.11776060944075445,4.887760609440754,3.9949065838458253
2023-11-25,4.77,1.4893617021276562,0.0,0.12000000000000001,4.89,4.042553191489362,0.11776060944075445,4.887760609440754,3.9949065838458253
2023-11-26,4.77,1.4893617021276562,0.0,0.12000000000000001,4.89,4.042553191489362,0.11776060944075445,4.887760609440754,3.9949065838458253
2023-11-27,4.81,2.3404255319148914,0.0,0.12000000000000001,4.93,4.893617021276575,0.11874811979245889,4.928748119792458,4.866981272179971
2023-11-28,4.8,2.127659574468077,0.0,0.12000000000000001,4.92,4.680851063829783,0.11850124220453279,4.918501242204533,4.64896260009644
2023-11-29,4.84,2.9787234042553123,0.0,0.12000000000000001,4.96,5.531914893617018,0.11948875255623723,4.959488752556237,5.521037288430586
2023-11-30,4.81,2.3404255319148914,0.0,0.12000000000000001,4.93,4.893617021276575,0.11874811979245889,4.928748119792458,4.866981272179971
2023-12-01,4.8,2.127659574468077,0.0,0.12000000000000001,4.92,4.680851063829783,0.11850124220453279,4.918501242204533,4.64896260009644
2023-12-02,4.8,2.127659574468077,0.0,0.12000000000000001,4.92,4.680851063829783,0.11850124220453279,4.918501242204533,4.64896260009644
2023-12-03,4.8,2.127659574468077,0.0,0.12000000000000001,4.92,4.680851063829783,0.11850124220453279,4.918501242204533,4.64896260009644
2023-12-04,4.8,2.127659574468077,0.0,0.12000000000000001,4.92,4.680851063829783,0.11850124220453279,4.918501242204533,4.64896260009644
2023-12-05,4.86,3.404255319148941,0.0,0.12000000000000001,4.98,5.957446808510647,0.11998250773208946,4.97998250773209,5.957074632597648
2023-12-06,4.91,4.4680851063829685,0.0,0.12000000000000001,5.03,7.021276595744674,0.12121689567172,5.0312168956717205,7.047167993015324
2023-12-07,4.9,4.255319148936176,0.0,0.12000000000000001,5.0200000000000005,6.808510638297882,0.12097001808379391,5.020970018083794,6.829149320931793
2023-12-08,4.89,4.042553191489362,0.0,0.12000000000000001,5.01,6.595744680851046,0.12072314049586777,5.010723140495868,6.61113064884824
2023-12-09,4.89,4.042553191489362,0.0,0.12000000000000001,5.01,6.595744680851046,0.12072314049586777,5.010723140495868,6.61113064884824
2023-12-10,4.89,4.042553191489362,0.0,0.12000000000000001,5.01,6.595744680851046,0.12072314049586777,5.010723140495868,6.61113064884824
2023-12-11,4.86,3.404255319148941,0.0,0.12000000000000001,4.98,5.957446808510647,0.11998250773208946,4.97998250773209,5.957074632597648
2023-12-12,4.89,4.042553191489362,0.0,0.12000000000000001,5.01,6.595744680851046,0.12072314049586777,5.010723140495868,6.61113064884824
2023-12-13,4.96,5.531914893617018,0.0,0.12000000000000001,5.08,8.085106382978724,0.12245128361135055,5.08245128361135,8.13726135343298
2023-12-14,4.99,6.170212765957439,0.0,0.12000000000000001,5.11,8.723404255319146,0.12319191637512888,5.113191916375129,8.791317369683593
2023-12-15,5.02,6.80851063829786,0.0,0.12000000000000001,5.14,9.361702127659566,0.12393254913890721,5.143932549138907,9.445373385934186
2023-12-16,5.02,6.80851063829786,0.0,0.12000000000000001,5.14,9.361702127659566,0.12393254913890721,5.143932549138907,9.445373385934186
2023-12-17,5.02,6.80851063829786,0.0,0.12000000000000001,5.14,9.361702127659566,0.12393254913890721,5.143932549138907,9.445373385934186
2023-12-18,5.02,6.80851063829786,0.0,0.12000000000000001,5.14,9.361702127659566,0.12393254913890721,5.143932549138907,9.445373385934186
2023-12-19,5.04,7.234042553191489,0.0,0.12000000000000001,5.16,9.787234042553195,0.12442630431475943,5.16442630431476,9.881410730101269
2023-12-20,5.07,7.87234042553191,0.0,0.12000000000000001,5.19,10.425531914893615,0.12516693707853777,5.195166937078538,10.535466746351862
2023-12-21,5.08,8.085106382978724,0.0,0.12000000000000001,5.2,10.63829787234043,0.12541381466646387,5.205413814666464,10.753485418435393
2023-12-22,5.09,8.297872340425517,0.0,0.12000000000000001,5.21,10.851063829787222,0.12566069225438997,5.2156606922543896,10.971504090518923
2023-12-23,5.09,8.297872340425517,0.0,0.12000000000000001,5.21,10.851063829787222,0.12566069225438997,5.2156606922543896,10.971504090518923
2023-12-24,5.09,8.297872340425517,0.0,0.12000000000000001,5.21,10.851063829787222,0.12566069225438997,5.2156606922543896,10.971504090518923
2023-12-25,5.09,8.297872340425517,0.0,0.12000000000000001,5.21,10.851063829787222,0.12566069225438997,5.2156606922543896,10.971504090518923
2023-12-26,5.09,8.297872340425517,0.0,0.12000000000000001,5.21,10.851063829787222,0.12566069225438997,5.2156606922543896,10.971504090518923
2023-12-27,5.11,8.723404255319146,0.0,0.12000000000000001,5.23,11.27659574468085,0.1261544474302422,5.236154447430242,11.407541434686008
2023-12-28,5.08,8.085106382978724,0.0,0.12000000000000001,5.2,10.63829787234043,0.12541381466646387,5.205413814666464,10.753485418435393
2023-12-29,5.05,7.446808510638281,0.0,0.12000000000000001,5.17,9.999999999999986,0.12467318190268555,5.174673181902685,10.099429402184779
2023-12-30,5.05,7.446808510638281,0.0,0.12000000000000001,5.17,9.999999999999986,0.12467318190268555,5.174673181902685,10.099429402184779
2023-12-31,5.05,7.446808510638281,0.0,0.12000000000000001,5.17,9.999999999999986,0.12467318190268555,5.174673181902685,10.099429402184779
2024-01-01,5.05,7.446808510638281,0.0,0.12000000000000001,5.17,9.999999999999986,0.12467318190268555,5.174673181902685,10.099429402184779
2024-01-02,5.02,6.80851063829786,0.0,0.12000000000000001,5.14,9.361702127659566,0.12393254913890721,5.143932549138907,9.445373385934186
2024-01-03,4.98,5.957446808510647,0.0,0.12000000000000001,5.1000000000000005,8.510638297872353,0.12294503878720278,5.102945038787203,8.573298697600062
2024-01-04,4.98,5.957446808510647,0.0,0.12000000000000001,5.1000000000000005,8.510638297872353,0.12294503878720278,5.102945038787203,8.573298697600062
2024-01-05,4.96,5.531914893617018,0.0,0.12000000000000001,5.08,8.085106382978724,0.12245128361135055,5.08245128361135,8.13726135343298
2024-01-06,4.96,5.531914893617018,0.0,0.12000000000000001,5.08,8.085106382978724,0.12245128361135055,5.08245128361135,8.13726135343298
2024-01-07,4.96,5.531914893617018,0.0,0.12000000000000001,5.08,8.085106382978724,0.12245128361135055,5.08245128361135,8.13726135343298
2024-01-08,4.96,5.531914893617018,0.0,0.12000000000000001,5.08,8.085106382978724,0.12245128361135055,5.08245128361135,8.13726135343298
2024-01-09,4.96,5.531914893617018,0.0,0.12000000000000001,5.08,8.085106382978724,0.12245128361135055,5.08245128361135,8.13726135343298
2024-01-10,4.96,5.531914893617018,0.0,0.12000000000000001,5.08,8.085106382978724,0.12245128361135055,5.08245128361135,8.13726135343298
2024-01-11,4.93,4.893617021276575,0.0,0.12000000000000001,5.05,7.446808510638281,0.12171065084757221,5.051710650847572,7.483205337182386
2024-01-12,4.94,5.106382978723412,0.0,0.12000000000000001,5.0600000000000005,7.659574468085117,0.12195752843549834,5.0619575284354985,7.701224009265917
2024-01-13,4.94,5.106382978723412,0.0,0.12000000000000001,5.0600000000000005,7.659574468085117,0.12195752843549834,5.0619575284354985,7.701224009265917
2024-01-14,4.94,5.106382978723412,0.0,0.12000000000000001,5.0600000000000005,7.659574468085117,0.12195752843549834,5.0619575284354985,7.701224009265917
2024-01-15,4.94,5.106382978723412,0.0,0.12000000000000001,5.0600000000000005,7.659574468085117,0.12195752843549834,5.0619575284354985,7.701224009265917
2024-01-16,4.93,4.893617021276575,0.0,0.12000000000000001,5.05,7.446808510638281,0.12171065084757221,5.051710650847572,7.483205337182386
2024-01-17,4.87,3.6170212765957332,0.0,0.12000000000000001,4.99,6.170212765957439,0.12022938532001556,4.990229385320015,6.1750933046811785
2024-01-18,4.88,3.8297872340425476,0.0,0.12000000000000001,5.0,6.382978723404253,0.12047626290794167,5.000476262907942,6.393111976764709
2024-01-19,4.91,4.4680851063829685,0.0,0.12000000000000001,5.03,7.021276595744674,0.12121689567172,5.0312168956717205,7.047167993015324
2024-01-20,4.91,4.4680851063829685,0.0,0.12000000000000001,5.03,7.021276595744674,0.12121689567172,5.0312168956717205,7.047167993015324
2024-01-21,4.91,4.4680851063829685,0.0,0.12000000000000001,5.03,7.021276595744674,0.12121689567172,5.0312168956717205,7.047167993015324
2024-01-22,4.92,4.680851063829783,0.0,0.12000000000000001,5.04,7.234042553191489,0.12146377325964611,5.041463773259646,7.265186665098855
2024-01-23,4.89,4.042553191489362,0.0,0.12000000000000001,5.01,6.595744680851046,0.12072314049586777,5.010723140495868,6.61113064884824
2024-01-24,4.86,3.404255319148941,0.0,0.12000000000000001,4.98,5.957446808510647,0.11998250773208946,4.97998250773209,5.957074632597648
2024-01-25,4.86,3.404255319148941,0.0,0.12000000000000001,4.98,5.957446808510647,0.11998250773208946,4.97998250773209,5.957074632597648
2024-01-26,4.88,3.8297872340425476,0.0,0.12000000000000001,5.0,6.382978723404253,0.12047626290794167,5.000476262907942,6.393111976764709
2024-01-27,4.88,3.8297872340425476,0.0,0.12000000000000001,5.0,6.382978723404253,0.12047626290794167,5.000476262907942,6.393111976764709
2024-01-28,4.88,3.8297872340425476,0.0,0.12000000000000001,5.0,6.382978723404253,0.12047626290794167,5.000476262907942,6.393111976764709
2024-01-29,4.9,4.255319148936176,0.0,0.12000000000000001,5.0200000000000005,6.808510638297882,0.12097001808379391,5.020970018083794,6.829149320931793
2024-01-30,4.9,4.255319148936176,0.0,0.12000000000000001,5.0200000000000005,6.808510638297882,0.12097001808379391,5.020970018083794,6.829149320931793
2024-01-31,4.94,5.106382978723412,0.0,0.12000000000000001,5.0600000000000005,7.659574468085117,0.12195752843549834,5.0619575284354985,7.701224009265917
2024-02-01,4.98,5.957446808510647,0.0,0.12000000000000001,5.1000000000000005,8.510638297872353,0.12294503878720278,5.102945038787203,8.573298697600062
2024-02-02,4.91,4.4680851063829685,0.0,0.12000000000000001,5.03,7.021276595744674,0.12121689567172,5.0312168956717205,7.047167993015324
2024-02-03,4.91,4.4680851063829685,0.0,0.12000000000000001,5.03,7.021276595744674,0.12121689567172,5.0312168956717205,7.047167993015324
2024-02-04,4.91,4.4680851063829685,0.0,0.12000000000000001,5.03,7.021276595744674,0.12121689567172,5.0312168956717205,7.047167993015324
2024-02-05,4.87,3.6170212765957332,0.0,0.12000000000000001,4.99,6.170212765957439,0.12022938532001556,4.990229385320015,6.1750933046811785
2024-02-06,4.9,4.255319148936176,0.0,0.12000000000000001,5.0200000000000005,6.808510638297882,0.12097001808379391,5.020970018083794,6.829149320931793
2024-02-07,4.89,4.042553191489362,0.0,0.12000000000000001,5.01,6.595744680851046,0.12072314049586777,5.010723140495868,6.61113064884824
2024-02-08,4.87,3.6170212765957332,0.0,0.12000000000000001,4.99,6.170212765957439,0.12022938532001556,4.990229385320015,6.1750933046811785
2024-02-09,4.86,3.404255319148941,0.0,0.12000000000000001,4.98,5.957446808510647,0.11998250773208946,4.97998250773209,5.957074632597648
2024-02-10,4.86,3.404255319148941,0.0,0.12000000000000001,4.98,5.957446808510647,0.11998250773208946,4.97998250773209,5.957074632597648
2024-02-11,4.86,3.404255319148941,0.0,0.12000000000000001,4.98,5.957446808510647,0.11998250773208946,4.97998250773209,5.957074632597648
2024-02-12,4.87,3.6170212765957332,0.0,0.12000000000000001,4.99,6.170212765957439,0.12022938532001556,4.990229385320015,6.1750933046811785
2024-02-13,4.84,2.9787234042553123,0.0,0.12000000000000001,4.96,5.531914893617018,0.11948875255623723,4.959488752556237,5.521037288430586
2024-02-14,4.88,3.8297872340425476,0.0,0.12000000000000001,5.0,6.382978723404253,0.12047626290794167,5.000476262907942,6.393111976764709
2024-02-15,4.87,3.6170212765957332,0.0,0.12000000000000001,4.99,6.170212765957439,0.12022938532001556,4.990229385320015,6.1750933046811785
2024-02-16,4.85,3.1914893617021267,0.0,0.12000000000000001,4.97,5.74468085106381,0.11973563014416333,4.969735630144163,5.7390559605140945
2024-02-17,4.85,3.1914893617021267,0.0,0.12000000000000001,4.97,5.74468085106381,0.11973563014416333,4.969735630144163,5.7390559605140945
2024-02-18,4.85,3.1914893617021267,0.0,0.12000000000000001,4.97,5.74468085106381,0.11973563014416333,4.969735630144163,5.7390559605140945
2024-02-19,4.86,3.404255319148941,0.0,0.12000000000000001,4.98,5.957446808510647,0.11998250773208946,4.97998250773209,5.957074632597648
2024-02-20,4.87,3.6170212765957332,0.0,0.12000000000000001,4.99,6.170212765957439,0.12022938532001556,4.990229385320015,6.1750933046811785
2024-02-21,4.87,3.6170212765957332,0.0,0.12000000000000001,4.99,6.170212765957439,0.12022938532001556,4.990229385320015,6.1750933046811785
2024-02-22,4.87,3.6170212765957332,0.0,0.12000000000000001,4.99,6.170212765957439,0.12022938532001556,4.990229385320015,6.1750933046811785
2024-02-23,4.87,3.6170212765957332,0.0,0.12000000000000001,4.99,6.170212765957439,0.12022938532001556,4.990229385320015,6.1750933046811785
2024-02-24,4.87,3.6170212765957332,0.0,0.12000000000000001,4.99,6.170212765957439,0.12022938532001556,4.990229385320015,6.1750933046811785
2024-02-25,4.87,3.6170212765957332,0.0,0.12000000000000001,4.99,6.170212765957439,0.12022938532001556,4.990229385320015,6.1750933046811785
2024-02-26,4.88,3.8297872340425476,0.0,0.12000000000000001,5.0,6.382978723404253,0.12047626290794167,5.000476262907942,6.393111976764709
2024-02-27,4.85,3.1914893617021267,0.0,0.12000000000000001,4.97,5.74468085106381,0.11973563014416333,4.969735630144163,5.7390559605140945
2024-02-28,4.86,3.404255319148941,0.0,0.12000000000000001,4.98,5.957446808510647,0.11998250773208946,4.97998250773209,5.957074632597648
2024-02-29,4.88,3.8297872340425476,0.0,0.12000000000000001,5.0,6.382978723404253,0.12047626290794167,5.000476262907942,6.393111976764709
2024-03-01,4.91,4.4680851063829685,0.0,0.12000000000000001,5.03,7.021276595744674,0.12121689567172,5.0312168956717205,7.047167993015324
2024-03-02,4.91,4.4680851063829685,0.0,0.12000000000000001,5.03,7.021276595744674,0.12121689567172,5.0312168956717205,7.047167993015324
2024-03-03,4.91,4.4680851063829685,0.0,0.12000000000000001,5.03,7.021276595744674,0.12121689567172,5.0312168956717205,7.047167993015324
2024-03-04,4.88,3.8297872340425476,0.0,0.12000000000000001,5.0,6.382978723404253,0.12047626290794167,5.000476262907942,6.393111976764709
2024-03-05,4.92,4.680851063829783,0.0,0.12000000000000001,5.04,7.234042553191489,0.12146377325964611,5.041463773259646,7.265186665098855
2024-03-06,4.95,5.319148936170204,0.0,0.12000000000000001,5.07,7.87234042553191,0.12220440602342444,5.072204406023425,7.91924268134947
2024-03-07,4.95,5.319148936170204,0.0,0.12000000000000001,5.07,7.87234042553191,0.12220440602342444,5.072204406023425,7.91924268134947
2024-03-08,4.94,5.106382978723412,0.0,0.12000000000000001,5.0600000000000005,7.659574468085117,0.12195752843549834,5.0619575284354985,7.701224009265917
2024-03-09,4.94,5.106382978723412,0.0,0.12000000000000001,5.0600000000000005,7.659574468085117,0.12195752843549834,5.0619575284354985,7.701224009265917
2024-03-10,4.94,5.106382978723412,0.0,0.12000000000000001,5.0600000000000005,7.659574468085117,0.12195752843549834,5.0619575284354985,7.701224009265917
2024-03-11,4.96,5.531914893617018,0.0,0.12000000000000001,5.08,8.085106382978724,0.12245128361135055,5.08245128361135,8.13726135343298
2024-03-12,4.96,5.531914893617018,0.0,0.12000000000000001,5.08,8.085106382978724,0.12245128361135055,5.08245128361135,8.13726135343298
2024-03-13,4.94,5.106382978723412,0.0,0.12000000000000001,5.0600000000000005,7.659574468085117,0.12195752843549834,5.0619575284354985,7.701224009265917
2024-03-14,4.91,4.4680851063829685,0.0,0.12000000000000001,5.03,7.021276595744674,0.12121689567172,5.0312168956717205,7.047167993015324
2024-03-15,4.91,4.4680851063829685,0.0,0.12000000000000001,5.03,7.021276595744674,0.12121689567172,5.0312168956717205,7.047167993015324
2024-03-16,4.91,4.4680851063829685,0.0,0.12000000000000001,5.03,7.021276595744674,0.12121689567172,5.0312168956717205,7.047167993015324
2024-03-17,4.91,4.4680851063829685,0.0,0.12000000000000001,5.03,7.021276595744674,0.12121689567172,5.0312168956717205,7.047167993015324
2024-03-18,4.91,4.4680851063829685,0.0,0.12000000000000001,5.03,7.021276595744674,0.12121689567172,5.0312168956717205,7.047167993015324
2024-03-19,4.92,4.680851063829783,0.0,0.12000000000000001,5.04,7.234042553191489,0.12146377325964611,5.041463773259646,7.265186665098855
2024-03-20,4.94,5.106382978723412,0.0,0.12000000000000001,5.0600000000000005,7.659574468085117,0.12195752843549834,5.0619575284354985,7.701224009265917
2024-03-21,4.95,5.319148936170204,0.0,0.12000000000000001,5.07,7.87234042553191,0.12220440602342444,5.072204406023425,7.91924268134947
2024-03-22,4.97,5.74468085106381,0.0,0.12000000000000001,5.09,8.297872340425517,0.12269816119927666,5.0926981611992765,8.35528002551651
2024-03-23,4.97,5.74468085106381,0.0,0.12000000000000001,5.09,8.297872340425517,0.12269816119927666,5.0926981611992765,8.35528002551651
2024-03-24,4.97,5.74468085106381,0.0,0.12000000000000001,5.09,8.297872340425517,0.12269816119927666,5.0926981611992765,8.35528002551651
2024-03-25,4.94,5.106382978723412,0.0,0.12000000000000001,5.0600000000000005,7.659574468085117,0.12195752843549834,5.0619575284354985,7.701224009265917
2024-03-26,4.95,5.319148936170204,0.0,0.12000000000000001,5.07,7.87234042553191,0.12220440602342444,5.072204406023425,7.91924268134947
2024-03-27,4.96,5.531914893617018,0.0,0.12000000000000001,5.08,8.085106382978724,0.12245128361135055,5.08245128361135,8.13726135343298
2024-03-28,4.97,5.74468085106381,0.0,0.12000000000000001,5.09,8.297872340425517,0.12269816119927666,5.0926981611992765,8.35528002551651
2024-03-29,4.97,5.74468085106381,0.0,0.12000000000000001,5.09,8.297872340425517,0.12269816119927666,5.0926981611992765,8.35528002551651
2024-03-30,4.97,5.74468085106381,0.0,0.12000000000000001,5.09,8.297872340425517,0.12269816119927666,5.0926981611992765,8.35528002551651
2024-03-31,4.97,5.74468085106381,0.0,0.12000000000000001,5.09,8.297872340425517,0.12269816119927666,5.0926981611992765,8.35528002551651
2024-04-01,4.97,5.74468085106381,0.0,0.12000000000000001,5.09,8.297872340425517,0.12269816119927666,5.0926981611992765,8.35528002551651
2024-04-02,4.91,4.4680851063829685,0.0,0.12000000000000001,5.03,7.021276595744674,0.12121689567172,5.0312168956717205,7.047167993015324
2024-04-03,4.91,4.4680851063829685,0.0,0.12000000000000001,5.03,7.021276595744674,0.12121689567172,5.0312168956717205,7.047167993015324
2024-04-04,4.93,4.893617021276575,0.0,0.12000000000000001,5.05,7.446808510638281,0.12171065084757221,5.051710650847572,7.483205337182386
2024-04-05,4.91,4.4680851063829685,0.0,0.12000000000000001,5.03,7.021276595744674,0.12121689567172,5.0312168956717205,7.047167993015324
2024-04-06,4.91,4.4680851063829685,0.0,0.12000000000000001,5.03,7.021276595744674,0.12121689567172,5.0312168956717205,7.047167993015324
2024-04-07,4.91,4.4680851063829685,0.0,0.12000000000000001,5.03,7.021276595744674,0.12121689567172,5.0312168956717205,7.047167993015324
2024-04-08,4.91,4.4680851063829685,0.0,0.12000000000000001,5.03,7.021276595744674,0.12121689567172,5.0312168956717205,7.047167993015324
2024-04-09,4.93,4.893617021276575,0.0,0.12000000000000001,5.05,7.446808510638281,0.12171065084757221,5.051710650847572,7.483205337182386
2024-04-10,4.9,4.255319148936176,0.0,0.12000000000000001,5.0200000000000005,6.808510638297882,0.12097001808379391,5.020970018083794,6.829149320931793
2024-04-11,4.86,3.404255319148941,0.0,0.12000000000000001,4.98,5.957446808510647,0.11998250773208946,4.97998250773209,5.957074632597648
2024-04-12,4.89,4.042553191489362,0.0,0.12000000000000001,5.01,6.595744680851046,0.12072314049586777,5.010723140495868,6.61113064884824
2024-04-13,4.89,4.042553191489362,0.0,0.12000000000000001,5.01,6.595744680851046,0.12072314049586777,5.010723140495868,6.61113064884824
2024-04-14,4.89,4.042553191489362,0.0,0.12000000000000001,5.01,6.595744680851046,0.12072314049586777,5.010723140495868,6.61113064884824
2024-04-15,4.85,3.1914893617021267,0.0,0.12000000000000001,4.97,5.74468085106381,0.11973563014416333,4.969735630144163,5.7390559605140945
2024-04-16,4.83,2.765957446808498,0.0,0.12000000000000001,4.95,5.319148936170204,0.11924187496831112,4.949241874968311,5.303018616347033
2024-04-17,4.85,3.1914893617021267,0.0,0.12000000000000001,4.97,5.74468085106381,0.11973563014416333,4.969735630144163,5.7390559605140945
2024-04-18,4.85,3.1914893617021267,0.0,0.12000000000000001,4.97,5.74468085106381,0.11973563014416333,4.969735630144163,5.7390559605140945
2024-04-19,4.86,3.404255319148941,0.0,0.12000000000000001,4.98,5.957446808510647,0.11998250773208946,4.97998250773209,5.957074632597648
2024-04-20,4.86,3.404255319148941,0.0,0.12000000000000001,4.98,5.957446808510647,0.11998250773208946,4.97998250773209,5.957074632597648
2024-04-21,4.86,3.404255319148941,0.0,0.12000000000000001,4.98,5.957446808510647,0.11998250773208946,4.97998250773209,5.957074632597648
2024-04-22,4.88,3.8297872340425476,0.0,0.12000000000000001,5.0,6.382978723404253,0.12047626290794167,5.000476262907942,6.393111976764709
2024-04-23,4.85,3.1914893617021267,0.0,0.12000000000000001,4.97,5.74468085106381,0.11973563014416333,4.969735630144163,5.7390559605140945
2024-04-24,4.83,2.765957446808498,0.0,0.12000000000000001,4.95,5.319148936170204,0.11924187496831112,4.949241874968311,5.303018616347033
2024-04-25,4.82,2.553191489361706,0.0,0.12000000000000001,4.94,5.106382978723412,0.11899499738038502,4.9389949973803855,5.084999944263524
2024-04-26,4.83,2.765957446808498,0.0,0.12000000000000001,4.95,5.319148936170204,0.11924187496831112,4.949241874968311,5.303018616347033
2024-04-27,4.83,2.765957446808498,0.0,0.12000000000000001,4.95,5.319148936170204,0.11924187496831112,4.949241874968311,5.303018616347033
2024-04-28,4.83,2.765957446808498,0.0,0.12000000000000001,4.95,5.319148936170204,0.11924187496831112,4.949241874968311,5.303018616347033
2024-04-29,4.84,2.9787234042553123,0.0,0.12000000000000001,4.96,5.531914893617018,0.11948875255623723,4.959488752556237,5.521037288430586
2024-04-30,4.81,2.3404255319148914,0.0,0.12000000000000001,4.93,4.893617021276575,0.11874811979245889,4.928748119792458,4.866981272179971
2024-05-01,4.82,2.553191489361706,0.0,0.12000000000000001,4.94,5.106382978723412,0.11899499738038502,4.9389949973803855,5.084999944263524
2024-05-02,4.84,2.9787234042553123,0.0,0.12000000000000001,4.96,5.531914893617018,0.11948875255623723,4.959488752556237,5.521037288430586
2024-05-03,4.87,3.6170212765957332,0.0,0.12000000000000001,4.99,6.170212765957439,0.12022938532001556,4.990229385320015,6.1750933046811785
2024-05-04,4.87,3.6170212765957332,0.0,0.12000000000000001,4.99,6.170212765957439,0.12022938532001556,4.990229385320015,6.1750933046811785
2024-05-05,4.87,3.6170212765957332,0.0,0.12000000000000001,4.99,6.170212765957439,0.12022938532001556,4.990229385320015,6.1750933046811785
2024-05-06,4.87,3.6170212765957332,0.0,0.12000000000000001,4.99,6.170212765957439,0.12022938532001556,4.990229385320015,6.1750933046811785
2024-05-07,4.91,4.4680851063829685,0.0,0.12000000000000001,5.03,7.021276595744674,0.12121689567172,5.0312168956717205,7.047167993015324
2024-05-08,4.9,4.255319148936176,0.0,0.12000000000000001,5.0200000000000005,6.808510638297882,0.12097001808379391,5.020970018083794,6.829149320931793
2024-05-09,4.91,4.4680851063829685,0.0,0.12000000000000001,5.03,7.021276595744674,0.12121689567172,5.0312168956717205,7.047167993015324
2024-05-10,4.89,4.042553191489362,0.0,0.12000000000000001,5.01,6.595744680851046,0.12072314049586777,5.010723140495868,6.61113064884824
2024-05-11,4.89,4.042553191489362,0.0,0.12000000000000001,5.01,6.595744680851046,0.12072314049586777,5.010723140495868,6.61113064884824
2024-05-12,4.89,4.042553191489362,0.0,0.12000000000000001,5.01,6.595744680851046,0.12072314049586777,5.010723140495868,6.61113064884824
2024-05-13,4.89,4.042553191489362,0.0,0.12000000000000001,5.01,6.595744680851046,0.12072314049586777,5.010723140495868,6.61113064884824
2024-05-14,4.9,4.255319148936176,0.0,0.12000000000000001,5.0200000000000005,6.808510638297882,0.12097001808379391,5.020970018083794,6.829149320931793
2024-05-15,4.94,5.106382978723412,0.0,0.12000000000000001,5.0600000000000005,7.659574468085117,0.12195752843549834,5.0619575284354985,7.701224009265917
2024-05-16,4.86,3.404255319148941,0.08,0.2,5.0600000000000005,7.659574468085117,0.19998250773208948,5.05998250773209,7.659202292172118
2024-05-17,4.83,2.765957446808498,0.0,0.2,5.03,7.021276595744674,0.1987480478078173,5.0287480478078175,6.994639315059947
2024-05-18,4.83,2.765957446808498,0.0,0.2,5.03,7.021276595744674,0.1987480478078173,5.0287480478078175,6.994639315059947
2024-05-19,4.83,2.765957446808498,0.0,0.2,5.03,7.021276595744674,0.1987480478078173,5.0287480478078175,6.994639315059947
2024-05-20,4.82,2.553191489361706,0.0,0.2,5.0200000000000005,6.808510638297882,0.19833656116639325,5.018336561166394,6.773118322689231
2024-05-21,4.82,2.553191489361706,0.0,0.2,5.0200000000000005,6.808510638297882,0.19833656116639325,5.018336561166394,6.773118322689231
2024-05-22,4.8,2.127659574468077,0.0,0.2,5.0,6.382978723404253,0.19751358788354512,4.997513587883545,6.330076337947754
2024-05-23,4.79,1.9148936170212627,0.0,0.2,4.99,6.170212765957439,0.19710210124212107,4.9871021012421215,6.10855534557706
2024-05-24,4.79,1.9148936170212627,0.0,0.2,4.99,6.170212765957439,0.19710210124212107,4.9871021012421215,6.10855534557706
2024-05-25,4.79,1.9148936170212627,0.0,0.2,4.99,6.170212765957439,0.19710210124212107,4.9871021012421215,6.10855534557706
2024-05-26,4.79,1.9148936170212627,0.0,0.2,4.99,6.170212765957439,0.19710210124212107,4.9871021012421215,6.10855534557706
2024-05-27,4.79,1.9148936170212627,0.0,0.2,4.99,6.170212765957439,0.19710210124212107,4.9871021012421215,6.10855534557706
2024-05-28,4.78,1.7021276595744705,0.0,0.2,4.98,5.957446808510647,0.19669061460069703,4.976690614600697,5.887034353206322
2024-05-29,4.73,0.6382978723404209,0.0,0.2,4.930000000000001,4.893617021276597,0.1946331813935768,4.9246331813935775,4.779429391352719
2024-05-30,4.75,1.0638297872340496,0.0,0.2,4.95,5.319148936170204,0.19545615467642485,4.945456154676425,5.222471376094129
2024-05-31,4.77,1.4893617021276562,0.0,0.2,4.97,5.74468085106381,0.19627912795927296,4.966279127959273,5.665513360835583
2024-06-01,4.77,1.4893617021276562,0.0,0.2,4.97,5.74468085106381,0.19627912795927296,4.966279127959273,5.665513360835583
2024-06-02,4.77,1.4893617021276562,0.0,0.2,4.97,5.74468085106381,0.19627912795927296,4.966279127959273,5.665513360835583
2024-06-03,4.8,2.127659574468077,0.0,0.2,5.0,6.382978723404253,0.19751358788354512,4.997513587883545,6.330076337947754
2024-06-04,4.83,2.765957446808498,0.0,0.2,5.03,7.021276595744674,0.1987480478078173,5.0287480478078175,6.994639315059947
2024-06-05,4.83,2.765957446808498,0.0,0.2,5.03,7.021276595744674,0.1987480478078173,5.0287480478078175,6.994639315059947
2024-06-06,4.84,2.9787234042553123,0.0,0.2,5.04,7.234042553191489,0.19915953444924134,5.039159534449241,7.2161603074306635
2024-06-07,4.79,1.9148936170212627,0.0,0.2,4.99,6.170212765957439,0.19710210124212107,4.9871021012421215,6.10855534557706
2024-06-08,4.79,1.9148936170212627,0.0,0.2,4.99,6.170212765957439,0.19710210124212107,4.9871021012421215,6.10855534557706
2024-06-09,4.79,1.9148936170212627,0.0,0.2,4.99,6.170212765957439,0.19710210124212107,4.9871021012421215,6.10855534557706
2024-06-10,4.77,1.4893617021276562,0.0,0.2,4.97,5.74468085106381,0.19627912795927296,4.966279127959273,5.665513360835583
2024-06-11,4.8,2.127659574468077,0.0,0.2,5.0,6.382978723404253,0.19751358788354512,4.997513587883545,6.330076337947754
2024-06-12,4.85,3.1914893617021267,0.0,0.2,5.05,7.446808510638281,0.19957102109066538,5.0495710210906655,7.43768129980138
2024-06-13,4.83,2.765957446808498,0.0,0.2,5.03,7.021276595744674,0.1987480478078173,5.0287480478078175,6.994639315059947
2024-06-14,4.88,3.8297872340425476,0.0,0.2,5.08,8.085106382978724,0.20080548101493756,5.080805481014938,8.102244276913574
2024-06-15,4.88,3.8297872340425476,0.0,0.2,5.08,8.085106382978724,0.20080548101493756,5.080805481014938,8.102244276913574
2024-06-16,4.88,3.8297872340425476,0.0,0.2,5.08,8.085106382978724,0.20080548101493756,5.080805481014938,8.102244276913574
2024-06-17,4.85,3.1914893617021267,0.0,0.2,5.05,7.446808510638281,0.19957102109066538,5.0495710210906655,7.43768129980138
2024-06-18,4.87,3.6170212765957332,0.0,0.2,5.07,7.87234042553191,0.20039399437351352,5.0703939943735135,7.880723284542834
2024-06-19,4.87,3.6170212765957332,0.0,0.2,5.07,7.87234042553191,0.20039399437351352,5.0703939943735135,7.880723284542834
2024-06-20,4.87,3.6170212765957332,0.0,0.2,5.07,7.87234042553191,0.20039399437351352,5.0703939943735135,7.880723284542834
2024-06-21,4.87,3.6170212765957332,0.0,0.2,5.07,7.87234042553191,0.20039399437351352,5.0703939943735135,7.880723284542834
2024-06-22,4.87,3.6170212765957332,0.0,0.2,5.07,7.87234042553191,0.20039399437351352,5.0703939943735135,7.880723284542834
2024-06-23,4.87,3.6170212765957332,0.0,0.2,5.07,7.87234042553191,0.20039399437351352,5.0703939943735135,7.880723284542834
2024-06-24,4.85,3.1914893617021267,0.0,0.2,5.05,7.446808510638281,0.19957102109066538,5.0495710210906655,7.43768129980138
2024-06-25,4.87,3.6170212765957332,0.0,0.2,5.07,7.87234042553191,0.20039399437351352,5.0703939943735135,7.880723284542834
2024-06-26,4.85,3.1914893617021267,0.0,0.2,5.05,7.446808510638281,0.19957102109066538,5.0495710210906655,7.43768129980138
2024-06-27,4.86,3.404255319148941,0.0,0.2,5.0600000000000005,7.659574468085117,0.19998250773208948,5.05998250773209,7.659202292172118
2024-06-28,4.84,2.9787234042553123,0.0,0.2,5.04,7.234042553191489,0.19915953444924134,5.039159534449241,7.2161603074306635
2024-06-29,4.84,2.9787234042553123,0.0,0.2,5.04,7.234042553191489,0.19915953444924134,5.039159534449241,7.2161603074306635
2024-06-30,4.84,2.9787234042553123,0.0,0.2,5.04,7.234042553191489,0.19915953444924134,5.039159534449241,7.2161603074306635
2024-07-01,4.8,2.127659574468077,0.0,0.2,5.0,6.382978723404253,0.19751358788354512,4.997513587883545,6.330076337947754
2024-07-02,4.8,2.127659574468077,0.0,0.2,5.0,6.382978723404253,0.19751358788354512,4.997513587883545,6.330076337947754
2024-07-03,4.84,2.9787234042553123,0.0,0.2,5.04,7.234042553191489,0.19915953444924134,5.039159534449241,7.2161603074306635
2024-07-04,4.82,2.553191489361706,0.0,0.2,5.0200000000000005,6.808510638297882,0.19833656116639325,5.018336561166394,6.773118322689231
2024-07-05,4.85,3.1914893617021267,0.0,0.2,5.05,7.446808510638281,0.19957102109066538,5.0495710210906655,7.43768129980138
2024-07-06,4.85,3.1914893617021267,0.0,0.2,5.05,7.446808510638281,0.19957102109066538,5.0495710210906655,7.43768129980138
2024-07-07,4.85,3.1914893617021267,0.0,0.2,5.05,7.446808510638281,0.19957102109066538,5.0495710210906655,7.43768129980138
2024-07-08,4.86,3.404255319148941,0.0,0.2,5.0600000000000005,7.659574468085117,0.19998250773208948,5.05998250773209,7.659202292172118
2024-07-09,4.84,2.9787234042553123,0.0,0.2,5.04,7.234042553191489,0.19915953444924134,5.039159534449241,7.2161603074306635
2024-07-10,4.84,2.9787234042553123,0.0,0.2,5.04,7.234042553191489,0.19915953444924134,5.039159534449241,7.2161603074306635
2024-07-11,4.86,3.404255319148941,0.0,0.2,5.0600000000000005,7.659574468085117,0.19998250773208948,5.05998250773209,7.659202292172118
2024-07-12,4.86,3.404255319148941,0.0,0.2,5.0600000000000005,7.659574468085117,0.19998250773208948,5.05998250773209,7.659202292172118
2024-07-13,4.86,3.404255319148941,0.0,0.2,5.0600000000000005,7.659574468085117,0.19998250773208948,5.05998250773209,7.659202292172118
2024-07-14,4.86,3.404255319148941,0.0,0.2,5.0600000000000005,7.659574468085117,0.19998250773208948,5.05998250773209,7.659202292172118
2024-07-15,4.87,3.6170212765957332,0.0,0.2,5.07,7.87234042553191,0.20039399437351352,5.0703939943735135,7.880723284542834
2024-07-16,4.88,3.8297872340425476,0.0,0.2,5.08,8.085106382978724,0.20080548101493756,5.080805481014938,8.102244276913574
2024-07-17,4.89,4.042553191489362,0.0,0.2,5.09,8.297872340425517,0.2012169676563616,5.0912169676563614,8.323765269284289
2024-07-18,4.88,3.8297872340425476,0.0,0.2,5.08,8.085106382978724,0.20080548101493756,5.080805481014938,8.102244276913574
2024-07-19,4.86,3.404255319148941,0.0,0.2,5.0600000000000005,7.659574468085117,0.19998250773208948,5.05998250773209,7.659202292172118
2024-07-20,4.86,3.404255319148941,0.0,0.2,5.0600000000000005,7.659574468085117,0.19998250773208948,5.05998250773209,7.659202292172118
2024-07-21,4.86,3.404255319148941,0.0,0.2,5.0600000000000005,7.659574468085117,0.19998250773208948,5.05998250773209,7.659202292172118
2024-07-22,4.86,3.404255319148941,0.0,0.2,5.0600000000000005,7.659574468085117,0.19998250773208948,5.05998250773209,7.659202292172118
2024-07-23,4.85,3.1914893617021267,0.0,0.2,5.05,7.446808510638281,0.19957102109066538,5.0495710210906655,7.43768129980138
2024-07-24,4.86,3.404255319148941,0.0,0.2,5.0600000000000005,7.659574468085117,0.19998250773208948,5.05998250773209,7.659202292172118
2024-07-25,4.85,3.1914893617021267,0.0,0.2,5.05,7.446808510638281,0.19957102109066538,5.0495710210906655,7.43768129980138
2024-07-26,4.87,3.6170212765957332,0.0,0.2,5.07,7.87234042553191,0.20039399437351352,5.0703939943735135,7.880723284542834
2024-07-27,4.87,3.6170212765957332,0.0,0.2,5.07,7.87234042553191,0.20039399437351352,5.0703939943735135,7.880723284542834
2024-07-28,4.87,3.6170212765957332,0.0,0.2,5.07,7.87234042553191,0.20039399437351352,5.0703939943735135,7.880723284542834
2024-07-29,4.87,3.6170212765957332,0.0,0.2,5.07,7.87234042553191,0.20039399437351352,5.0703939943735135,7.880723284542834
2024-07-30,4.89,4.042553191489362,0.0,0.2,5.09,8.297872340425517,0.2012169676563616,5.0912169676563614,8.323765269284289
2024-07-31,4.91,4.4680851063829685,0.0,0.2,5.11,8.723404255319146,0.20203994093920974,5.11203994093921,8.766807254025743
2024-08-01,4.96,5.531914893617018,0.0,0.2,5.16,9.787234042553195,0.20409737414632995,5.16409737414633,9.874412215879346
2024-08-02,4.98,5.957446808510647,0.0,0.2,5.180000000000001,10.212765957446823,0.20492034742917808,5.184920347429179,10.317454200620823
2024-08-03,4.98,5.957446808510647,0.0,0.2,5.180000000000001,10.212765957446823,0.20492034742917808,5.184920347429179,10.317454200620823
2024-08-04,4.98,5.957446808510647,0.0,0.2,5.180000000000001,10.212765957446823,0.20492034742917808,5.184920347429179,10.317454200620823
2024-08-05,4.97,5.74468085106381,0.0,0.2,5.17,9.999999999999986,0.20450886078775404,5.174508860787753,10.095933208250063
2024-08-06,4.94,5.106382978723412,0.0,0.2,5.140000000000001,9.361702127659587,0.2032744008634819,5.143274400863482,9.431370231137915
2024-08-07,4.93,4.893617021276575,0.0,0.2,5.13,9.148936170212751,0.2028629142220578,5.132862914222057,9.209849238767177
2024-08-08,4.9,4.255319148936176,0.0,0.2,5.1000000000000005,8.510638297872353,0.2016284542977857,5.101628454297786,8.545286261655004
2024-08-09,4.92,4.680851063829783,0.0,0.2,5.12,8.936170212765958,0.20245142758063375,5.122451427580634,8.98832824639646
2024-08-10,4.92,4.680851063829783,0.0,0.2,5.12,8.936170212765958,0.20245142758063375,5.122451427580634,8.98832824639646
2024-08-11,4.92,4.680851063829783,0.0,0.2,5.12,8.936170212765958,0.20245142758063375,5.122451427580634,8.98832824639646
2024-08-12,4.92,4.680851063829783,0.0,0.2,5.12,8.936170212765958,0.20245142758063375,5.122451427580634,8.98832824639646
2024-08-13,4.95,5.319148936170204,0.0,0.2,5.15,9.57446808510638,0.2036858875049059,5.153685887504906,9.65289122350863
2024-08-14,4.98,5.957446808510647,0.0,0.2,5.180000000000001,10.212765957446823,0.20492034742917808,5.184920347429179,10.317454200620823
2024-08-15,4.93,4.893617021276575,0.0,0.2,5.13,9.148936170212751,0.2028629142220578,5.132862914222057,9.209849238767177
2024-08-16,4.95,5.319148936170204,0.0,0.2,5.15,9.57446808510638,0.2036858875049059,5.153685887504906,9.65289122350863
2024-08-17,4.95,5.319148936170204,0.0,0.2,5.15,9.57446808510638,0.2036858875049059,5.153685887504906,9.65289122350863
2024-08-18,4.95,5.319148936170204,0.0,0.2,5.15,9.57446808510638,0.2036858875049059,5.153685887504906,9.65289122350863
2024-08-19,4.94,5.106382978723412,0.0,0.2,5.140000000000001,9.361702127659587,0.2032744008634819,5.143274400863482,9.431370231137915
2024-08-20,4.95,5.319148936170204,0.0,0.2,5.15,9.57446808510638,0.2036858875049059,5.153685887504906,9.65289122350863
2024-08-21,4.95,5.319148936170204,0.0,0.2,5.15,9.57446808510638,0.2036858875049059,5.153685887504906,9.65289122350863
2024-08-22,4.92,4.680851063829783,0.0,0.2,5.12,8.936170212765958,0.20245142758063375,5.122451427580634,8.98832824639646
2024-08-23,4.95,5.319148936170204,0.0,0.2,5.15,9.57446808510638,0.2036858875049059,5.153685887504906,9.65289122350863
2024-08-24,4.95,5.319148936170204,0.0,0.2,5.15,9.57446808510638,0.2036858875049059,5.153685887504906,9.65289122350863
2024-08-25,4.95,5.319148936170204,0.0,0.2,5.15,9.57446808510638,0.2036858875049059,5.153685887504906,9.65289122350863
2024-08-26,4.95,5.319148936170204,0.0,0.2,5.15,9.57446808510638,0.2036858875049059,5.153685887504906,9.65289122350863
2024-08-27,4.92,4.680851063829783,0.0,0.2,5.12,8.936170212765958,0.20245142758063375,5.122451427580634,8.98832824639646
2024-08-28,4.93,4.893617021276575,0.0,0.2,5.13,9.148936170212751,0.2028629142220578,5.132862914222057,9.209849238767177
2024-08-29,4.91,4.4680851063829685,0.0,0.2,5.11,8.723404255319146,0.20203994093920974,5.11203994093921,8.766807254025743
2024-08-30,4.93,4.893617021276575,0.0,0.2,5.13,9.148936170212751,0.2028629142220578,5.132862914222057,9.209849238767177
2024-08-31,4.93,4.893617021276575,0.0,0.2,5.13,9.148936170212751,0.2028629142220578,5.132862914222057,9.209849238767177
2024-09-01,4.93,4.893617021276575,0.0,0.2,5.13,9.148936170212751,0.2028629142220578,5.132862914222057,9.209849238767177
2024-09-02,4.91,4.4680851063829685,0.0,0.2,5.11,8.723404255319146,0.20203994093920974,5.11203994093921,8.766807254025743
2024-09-03,4.95,5.319148936170204,0.0,0.2,5.15,9.57446808510638,0.2036858875049059,5.153685887504906,9.65289122350863
2024-09-04,4.96,5.531914893617018,0.0,0.2,5.16,9.787234042553195,0.20409737414632995,5.16409737414633,9.874412215879346
2024-09-05,4.95,5.319148936170204,0.0,0.2,5.15,9.57446808510638,0.2036858875049059,5.153685887504906,9.65289122350863
2024-09-06,4.98,5.957446808510647,0.0,0.2,5.180000000000001,10.212765957446823,0.20492034742917808,5.184920347429179,10.317454200620823
2024-09-07,4.98,5.957446808510647,0.0,0.2,5.180000000000001,10.212765957446823,0.20492034742917808,5.184920347429179,10.317454200620823
2024-09-08,4.98,5.957446808510647,0.0,0.2,5.180000000000001,10.212765957446823,0.20492034742917808,5.184920347429179,10.317454200620823
2024-09-09,4.98,5.957446808510647,0.0,0.2,5.180000000000001,10.212765957446823,0.20492034742917808,5.184920347429179,10.317454200620823
2024-09-10,5.0,6.382978723404253,0.0,0.2,5.2,10.63829787234043,0.20574332071202617,5.205743320712026,10.760496185362257
2024-09-11,5.03,7.021276595744674,0.0,0.2,5.23,11.27659574468085,0.20697778063629835,5.236977780636298,11.425059162474426
2024-09-12,5.0,6.382978723404253,0.0,0.2,5.2,10.63829787234043,0.20574332071202617,5.205743320712026,10.760496185362257
2024-09-13,5.0,6.382978723404253,0.0,0.2,5.2,10.63829787234043,0.20574332071202617,5.205743320712026,10.760496185362257
2024-09-14,5.0,6.382978723404253,0.0,0.2,5.2,10.63829787234043,0.20574332071202617,5.205743320712026,10.760496185362257
2024-09-15,5.0,6.382978723404253,0.0,0.2,5.2,10.63829787234043,0.20574332071202617,5.205743320712026,10.760496185362257
2024-09-16,5.02,6.80851063829786,0.0,0.2,5.22,11.063829787234036,0.20656629399487428,5.226566293994874,11.203538170103688
2024-09-17,5.02,6.80851063829786,0.0,0.2,5.22,11.063829787234036,0.20656629399487428,5.226566293994874,11.203538170103688
2024-09-18,4.98,5.957446808510647,0.0,0.2,5.180000000000001,10.212765957446823,0.20492034742917808,5.184920347429179,10.317454200620823
2024-09-19,4.97,5.74468085106381,0.0,0.2,5.17,9.999999999999986,0.20450886078775404,5.174508860787753,10.095933208250063
2024-09-20,4.96,5.531914893617018,0.0,0.2,5.16,9.787234042553195,0.20409737414632995,5.16409737414633,9.874412215879346
2024-09-21,4.96,5.531914893617018,0.0,0.2,5.16,9.787234042553195,0.20409737414632995,5.16409737414633,9.874412215879346
2024-09-22,4.96,5.531914893617018,0.0,0.2,5.16,9.787234042553195,0.20409737414632995,5.16409737414633,9.874412215879346
2024-09-23,4.94,5.106382978723412,0.0,0.2,5.140000000000001,9.361702127659587,0.2032744008634819,5.143274400863482,9.431370231137915
2024-09-24,4.96,5.531914893617018,0.0,0.2,5.16,9.787234042553195,0.20409737414632995,5.16409737414633,9.874412215879346
2024-09-25,4.92,4.680851063829783,0.0,0.2,5.12,8.936170212765958,0.20245142758063375,5.122451427580634,8.98832824639646
2024-09-26,4.92,4.680851063829783,0.0,0.2,5.12,8.936170212765958,0.20245142758063375,5.122451427580634,8.98832824639646
2024-09-27,4.93,4.893617021276575,0.0,0.2,5.13,9.148936170212751,0.2028629142220578,5.132862914222057,9.209849238767177
2024-09-28,4.93,4.893617021276575,0.0,0.2,5.13,9.148936170212751,0.2028629142220578,5.132862914222057,9.209849238767177
2024-09-29,4.93,4.893617021276575,0.0,0.2,5.13,9.148936170212751,0.2028629142220578,5.132862914222057,9.209849238767177
2024-09-30,4.92,4.680851063829783,0.0,0.2,5.12,8.936170212765958,0.20245142758063375,5.122451427580634,8.98832824639646
